都道府県名,市区町村名,大字・町名,字・丁目名,総数
和歌山県,新宮市,あけぼの,,45
和歌山県,田辺市,あけぼの,,1824
和歌山県,橋本市,あやの台,二丁目,1076
和歌山県,橋本市,あやの台,一丁目,1299
和歌山県,橋本市,あやの台,,2375
和歌山県,橋本市,さつき台,二丁目,247
和歌山県,橋本市,さつき台,一丁目,1081
和歌山県,橋本市,さつき台,,1328
和歌山県,串本町,サンゴ台,,595
和歌山県,串本町,サンゴ台,,595
和歌山県,橋本市,しらさぎ台,,330
和歌山県,田辺市,たきない町,,1002
和歌山県,和歌山市,つつじが丘,,1523
和歌山県,海南市,ひや水,,58
和歌山県,橋本市,みゆき台,,592
和歌山県,田辺市,むつみ,,524
和歌山県,新宮市,阿須賀,一丁目,59
和歌山県,新宮市,阿須賀,二丁目,219
和歌山県,新宮市,阿須賀,,278
和歌山県,和歌山市,葵町,,143
和歌山県,和歌山市,芦辺丁,,16
和歌山県,海南市,扱沢,,38
和歌山県,田辺市,鮎川,,10
和歌山県,田辺市,鮎川,,25
和歌山県,田辺市,鮎川,,33
和歌山県,田辺市,鮎川,,46
和歌山県,田辺市,鮎川,,59
和歌山県,田辺市,鮎川,,77
和歌山県,田辺市,鮎川,,96
和歌山県,田辺市,鮎川,,107
和歌山県,田辺市,鮎川,,110
和歌山県,田辺市,鮎川,,121
和歌山県,田辺市,鮎川,,124
和歌山県,田辺市,鮎川,,178
和歌山県,田辺市,鮎川,,180
和歌山県,田辺市,鮎川,,500
和歌山県,田辺市,鮎川,,1666
和歌山県,和歌山市,粟,,1720
和歌山県,紀美野町,安井,,241
和歌山県,串本町,伊串,,203
和歌山県,新宮市,伊佐田町,二丁目,50
和歌山県,新宮市,伊佐田町,一丁目,53
和歌山県,新宮市,伊佐田町,,103
和歌山県,和歌山市,伊太祈曽,,675
和歌山県,和歌山市,井ノ口,,851
和歌山県,新宮市,井の沢,,468
和歌山県,紀美野町,井堰,,61
和歌山県,和歌山市,井戸,,622
和歌山県,海南市,井田,,565
和歌山県,和歌山市,井辺,,3385
和歌山県,和歌山市,磯の浦,,862
和歌山県,田辺市,磯間,,701
和歌山県,古座川町,一雨,,36
和歌山県,田辺市,稲成町,,2660
和歌山県,和歌山市,宇治袋町,,76
和歌山県,和歌山市,宇治藪下,,20
和歌山県,和歌山市,宇須,一丁目,165
和歌山県,和歌山市,宇須,四丁目,478
和歌山県,和歌山市,宇須,二丁目,486
和歌山県,和歌山市,宇須,三丁目,528
和歌山県,和歌山市,宇須,,1657
和歌山県,古座川町,宇津木,,72
和歌山県,和歌山市,宇田森,,826
和歌山県,和歌山市,餌差町,,66
和歌山県,白浜町,栄,,842
和歌山県,和歌山市,栄谷,,4577
和歌山県,田辺市,栄町,,113
和歌山県,和歌山市,永山,,110
和歌山県,紀美野町,永谷,,32
和歌山県,和歌山市,永穂,,793
和歌山県,和歌山市,榎原,,2458
和歌山県,紀美野町,円明寺,,37
和歌山県,和歌山市,園部,,2222
和歌山県,和歌山市,園部,,2520
和歌山県,和歌山市,園部,,6304
和歌山県,和歌山市,延時,,855
和歌山県,御坊市,薗,,2926
和歌山県,和歌山市,塩ノ谷,,32
和歌山県,和歌山市,塩屋,二丁目,23
和歌山県,和歌山市,塩屋,六丁目,247
和歌山県,和歌山市,塩屋,一丁目,281
和歌山県,和歌山市,塩屋,四丁目,281
和歌山県,和歌山市,塩屋,三丁目,697
和歌山県,和歌山市,塩屋,五丁目,784
和歌山県,和歌山市,塩屋,,2313
和歌山県,御坊市,塩屋町南塩屋,,944
和歌山県,御坊市,塩屋町北塩屋,,1184
和歌山県,紀美野町,奥佐々,,60
和歌山県,和歌山市,奥須佐,,315
和歌山県,橋本市,横座,,32
和歌山県,橋本市,横座,,32
和歌山県,新宮市,横町,一丁目,17
和歌山県,新宮市,横町,二丁目,30
和歌山県,新宮市,横町,,47
和歌山県,新宮市,王子町,三丁目,286
和歌山県,新宮市,王子町,二丁目,321
和歌山県,新宮市,王子町,一丁目,577
和歌山県,新宮市,王子町,,1184
和歌山県,上富田町,岡,,1315
和歌山県,和歌山市,岡円福院西ノ丁,,76
和歌山県,和歌山市,岡円福院東ノ丁,,56
和歌山県,和歌山市,岡山丁,,107
和歌山県,和歌山市,岡織屋小路,,50
和歌山県,和歌山市,岡袋町,,16
和歌山県,海南市,岡田,,2285
和歌山県,和歌山市,岡南ノ丁,,55
和歌山県,海南市,沖野々,,585
和歌山県,和歌山市,屋形町,二丁目,44
和歌山県,和歌山市,屋形町,一丁目,141
和歌山県,和歌山市,屋形町,三丁目,171
和歌山県,和歌山市,屋形町,,356
和歌山県,上富田町,下鮎川,,289
和歌山県,田辺市,下屋敷町,,372
和歌山県,紀美野町,下佐々,,1772
和歌山県,田辺市,下三栖,,2204
和歌山県,和歌山市,下三毛,,1206
和歌山県,田辺市,下川下,,52
和歌山県,田辺市,下川下,,86
和歌山県,田辺市,下川上,,81
和歌山県,有田市,下中島,,406
和歌山県,海南市,下津町引尾下出,,123
和歌山県,海南市,下津町引尾松尾,,55
和歌山県,海南市,下津町引尾上出,,18
和歌山県,海南市,下津町引尾土井原,,70
和歌山県,海南市,下津町塩津,,433
和歌山県,海南市,下津町下,,420
和歌山県,海南市,下津町笠畑,,20
和歌山県,海南市,下津町丸田,,575
和歌山県,海南市,下津町丸田加茂郷,,737
和歌山県,海南市,下津町丸田戸坂,,139
和歌山県,海南市,下津町橘本,,350
和歌山県,海南市,下津町興,,104
和歌山県,海南市,下津町沓掛,,61
和歌山県,海南市,下津町黒田,,213
和歌山県,海南市,下津町市坪,,295
和歌山県,海南市,下津町小原,,529
和歌山県,海南市,下津町小松原,,248
和歌山県,海南市,下津町小南,,419
和歌山県,海南市,下津町小畑,,190
和歌山県,海南市,下津町上,,969
和歌山県,海南市,下津町新田,,460
和歌山県,海南市,下津町西,,343
和歌山県,海南市,下津町青枝,,188
和歌山県,海南市,下津町曽根田,,144
和歌山県,海南市,下津町大窪,,103
和歌山県,海南市,下津町大崎,,364
和歌山県,海南市,下津町大崎女良,,100
和歌山県,海南市,下津町中,,438
和歌山県,海南市,下津町丁,,306
和歌山県,海南市,下津町東,,547
和歌山県,海南市,下津町梅田,,133
和歌山県,海南市,下津町百垣内,,82
和歌山県,海南市,下津町方南,,642
和歌山県,海南市,下津町方北,,557
和歌山県,海南市,下津町鰈川,,131
和歌山県,海南市,下津野,,78
和歌山県,新宮市,下田,三丁目,161
和歌山県,新宮市,下田,二丁目,426
和歌山県,新宮市,下田,一丁目,446
和歌山県,新宮市,下田,,1033
和歌山県,新宮市,下本町,一丁目,34
和歌山県,新宮市,下本町,二丁目,34
和歌山県,新宮市,下本町,,68
和歌山県,田辺市,下万呂,,2059
和歌山県,古座川町,下露,,51
和歌山県,和歌山市,下和佐,,134
和歌山県,和歌山市,加太,,2385
和歌山県,和歌山市,加納,,6422
和歌山県,和歌山市,嘉家作丁,,418
和歌山県,かつらぎ町,花園新子,,33
和歌山県,かつらぎ町,花園中南,,18
和歌山県,かつらぎ町,花園北寺・,,11
和歌山県,かつらぎ町,花園梁瀬,,184
和歌山県,紀美野町,花野原,,30
和歌山県,和歌山市,駕町,,101
和歌山県,海南市,海老谷,,65
和歌山県,橋本市,柿の木坂,,110
和歌山県,橋本市,柿の木坂,,127
和歌山県,橋本市,柿の木坂,,168
和歌山県,橋本市,柿の木坂,,168
和歌山県,橋本市,柿の木坂,,185
和歌山県,橋本市,柿の木坂,,266
和歌山県,橋本市,柿の木坂,,1024
和歌山県,田辺市,学園,,768
和歌山県,橋本市,学文路,,89
和歌山県,橋本市,学文路,,90
和歌山県,橋本市,学文路,,139
和歌山県,橋本市,学文路,,139
和歌山県,橋本市,学文路,,142
和歌山県,橋本市,学文路,,730
和歌山県,橋本市,学文路,,1329
和歌山県,串本町,樫野,,209
和歌山県,和歌山市,梶取,,1966
和歌山県,海南市,且来,,1722
和歌山県,紀美野町,釜滝,,75
和歌山県,紀美野町,鎌滝,,90
和歌山県,和歌山市,関戸,五丁目,137
和歌山県,和歌山市,関戸,一丁目,530
和歌山県,和歌山市,関戸,二丁目,618
和歌山県,和歌山市,関戸,三丁目,1017
和歌山県,和歌山市,関戸,四丁目,1106
和歌山県,和歌山市,関戸,,3408
和歌山県,新宮市,丸山,,150
和歌山県,橋本市,岸上,,59
和歌山県,橋本市,岸上,,90
和歌山県,橋本市,岸上,,93
和歌山県,橋本市,岸上,,194
和歌山県,橋本市,岸上,,208
和歌山県,橋本市,岸上,,308
和歌山県,橋本市,岸上,,952
和歌山県,和歌山市,岩橋,,2147
和歌山県,上富田町,岩崎,,143
和歌山県,上富田町,岩田,,2218
和歌山県,御坊市,岩内,,492
和歌山県,和歌山市,寄合町,,127
和歌山県,みなべ町,気佐藤,,131
和歌山県,みなべ町,気佐藤,,258
和歌山県,橋本市,紀ノ光台,,409
和歌山県,橋本市,紀ノ光台,二丁目,409
和歌山県,橋本市,紀見,,39
和歌山県,橋本市,紀見,,149
和歌山県,橋本市,紀見,,177
和歌山県,橋本市,紀見,,365
和歌山県,橋本市,紀見ケ丘,一丁目,528
和歌山県,橋本市,紀見ケ丘,二丁目,900
和歌山県,橋本市,紀見ケ丘,三丁目,1030
和歌山県,橋本市,紀見ケ丘,,2458
和歌山県,和歌山市,紀三井寺,,3914
和歌山県,橋本市,吉原,,95
和歌山県,橋本市,吉原,,152
和歌山県,橋本市,吉原,,238
和歌山県,橋本市,吉原,,485
和歌山県,和歌山市,吉原,,2001
和歌山県,有田川町,吉田,,296
和歌山県,和歌山市,吉田,,402
和歌山県,和歌山市,吉田,,488
和歌山県,和歌山市,吉田,,776
和歌山県,和歌山市,吉田,,1363
和歌山県,紀美野町,吉野,,194
和歌山県,和歌山市,吉里,,1122
和歌山県,和歌山市,吉礼,,1481
和歌山県,和歌山市,久右衛門丁,,72
和歌山県,和歌山市,久保丁,一丁目,65
和歌山県,和歌山市,久保丁,三丁目,67
和歌山県,和歌山市,久保丁,二丁目,70
和歌山県,和歌山市,久保丁,四丁目,77
和歌山県,和歌山市,久保丁,,279
和歌山県,有田市,宮原町新町,,949
和歌山県,有田市,宮原町須谷,,424
和歌山県,有田市,宮原町滝,,234
和歌山県,有田市,宮原町滝川原,,1134
和歌山県,有田市,宮原町東,,658
和歌山県,有田市,宮原町道,,1056
和歌山県,有田市,宮原町畑,,18
和歌山県,有田市,宮崎町,,139
和歌山県,有田市,宮崎町,,211
和歌山県,有田市,宮崎町,,476
和歌山県,有田市,宮崎町,,1548
和歌山県,有田市,宮崎町,,2088
和歌山県,和歌山市,境原,,127
和歌山県,橋本市,境原,,178
和歌山県,和歌山市,橋向丁,,9
和歌山県,橋本市,橋谷,,255
和歌山県,橋本市,橋谷,,324
和歌山県,橋本市,橋谷,,579
和歌山県,和歌山市,橋丁,,67
和歌山県,橋本市,橋本,二丁目,87
和歌山県,橋本市,橋本,一丁目,102
和歌山県,橋本市,橋本,,139
和歌山県,橋本市,橋本,,328
和歌山県,新宮市,橋本,二丁目,499
和歌山県,新宮市,橋本,一丁目,518
和歌山県,新宮市,橋本,,1017
和歌山県,みなべ町,筋,,319
和歌山県,和歌山市,金谷,,370
和歌山県,和歌山市,金龍寺丁,,261
和歌山県,和歌山市,九家ノ丁,,48
和歌山県,和歌山市,九番丁,,24
和歌山県,海南市,九品寺,,272
和歌山県,橋本市,隅田町芋生,,77
和歌山県,橋本市,隅田町芋生,,135
和歌山県,橋本市,隅田町芋生,,144
和歌山県,橋本市,隅田町芋生,,356
和歌山県,橋本市,隅田町下兵庫,,49
和歌山県,橋本市,隅田町下兵庫,,93
和歌山県,橋本市,隅田町下兵庫,,150
和歌山県,橋本市,隅田町下兵庫,,151
和歌山県,橋本市,隅田町下兵庫,,181
和歌山県,橋本市,隅田町下兵庫,,187
和歌山県,橋本市,隅田町下兵庫,,201
和歌山県,橋本市,隅田町下兵庫,,588
和歌山県,橋本市,隅田町下兵庫,,1600
和歌山県,橋本市,隅田町河瀬,,91
和歌山県,橋本市,隅田町河瀬,,99
和歌山県,橋本市,隅田町河瀬,,101
和歌山県,橋本市,隅田町河瀬,,103
和歌山県,橋本市,隅田町河瀬,,128
和歌山県,橋本市,隅田町河瀬,,276
和歌山県,橋本市,隅田町河瀬,,381
和歌山県,橋本市,隅田町河瀬,,1179
和歌山県,橋本市,隅田町山内,,167
和歌山県,橋本市,隅田町山内,,190
和歌山県,橋本市,隅田町山内,,285
和歌山県,橋本市,隅田町山内,,642
和歌山県,橋本市,隅田町上兵庫,,242
和歌山県,橋本市,隅田町真土,,45
和歌山県,橋本市,隅田町真土,,49
和歌山県,橋本市,隅田町真土,,67
和歌山県,橋本市,隅田町真土,,90
和歌山県,橋本市,隅田町真土,,251
和歌山県,橋本市,隅田町垂井,,78
和歌山県,橋本市,隅田町垂井,,133
和歌山県,橋本市,隅田町垂井,,194
和歌山県,橋本市,隅田町垂井,,405
和歌山県,橋本市,隅田町霜草,,246
和歌山県,橋本市,隅田町中下,,83
和歌山県,橋本市,隅田町中下,,431
和歌山県,橋本市,隅田町中下,,514
和歌山県,橋本市,隅田町中島,,63
和歌山県,橋本市,隅田町中島,,98
和歌山県,橋本市,隅田町中島,,324
和歌山県,橋本市,隅田町中島,,353
和歌山県,橋本市,隅田町中島,,838
和歌山県,橋本市,隅田町平野,,177
和歌山県,串本町,串本,,49
和歌山県,串本町,串本,,154
和歌山県,串本町,串本,,214
和歌山県,串本町,串本,,248
和歌山県,串本町,串本,,257
和歌山県,串本町,串本,,327
和歌山県,串本町,串本,,382
和歌山県,串本町,串本,,585
和歌山県,串本町,串本,,854
和歌山県,みなべ町,熊岡,,191
和歌山県,みなべ町,熊瀬川,,100
和歌山県,田辺市,熊野,,14
和歌山県,御坊市,熊野,,383
和歌山県,新宮市,熊野川町奥山手,,28
和歌山県,新宮市,熊野川町奥赤木,,108
和歌山県,新宮市,熊野川町音川,,34
和歌山県,新宮市,熊野川町宮井,,36
和歌山県,新宮市,熊野川町九重,,28
和歌山県,新宮市,熊野川町志古,,22
和歌山県,新宮市,熊野川町篠尾,,19
和歌山県,新宮市,熊野川町上長井,,44
和歌山県,新宮市,熊野川町神丸,,104
和歌山県,新宮市,熊野川町神丸,,140
和歌山県,新宮市,熊野川町西,,70
和歌山県,新宮市,熊野川町西敷屋,,33
和歌山県,新宮市,熊野川町相須,,13
和歌山県,新宮市,熊野川町相須,,56
和歌山県,新宮市,熊野川町大山,,42
和歌山県,新宮市,熊野川町滝本,,12
和歌山県,新宮市,熊野川町田長,,17
和歌山県,新宮市,熊野川町嶋津,,11
和歌山県,新宮市,熊野川町東,,20
和歌山県,新宮市,熊野川町東敷屋,,28
和歌山県,新宮市,熊野川町日足,,127
和歌山県,新宮市,熊野川町能城,,59
和歌山県,新宮市,熊野川町尾頭,,21
和歌山県,新宮市,熊野川町北玉置口,,10
和歌山県,新宮市,熊野川町北四滝,,23
和歌山県,新宮市,熊野川町椋井,,22
和歌山県,新宮市,熊野地,一丁目,442
和歌山県,新宮市,熊野地,二丁目,604
和歌山県,新宮市,熊野地,,1046
和歌山県,和歌山市,栗栖,,2023
和歌山県,橋本市,慶賀野,,180
和歌山県,紀美野町,桂瀬,,20
和歌山県,御坊市,荊木,,136
和歌山県,古座川町,月野瀬,,98
和歌山県,白浜町,堅田,,22
和歌山県,白浜町,堅田,,1085
和歌山県,白浜町,堅田,,1091
和歌山県,白浜町,堅田,,2679
和歌山県,白浜町,堅田,,4877
和歌山県,すさみ町,見老津,,183
和歌山県,橋本市,賢堂,,128
和歌山県,橋本市,賢堂,,346
和歌山県,橋本市,賢堂,,474
和歌山県,和歌山市,元寺町,二丁目,33
和歌山県,和歌山市,元寺町,三丁目,50
和歌山県,和歌山市,元寺町,,83
和歌山県,和歌山市,元寺町西ノ丁,,69
和歌山県,和歌山市,元寺町南ノ丁,,102
和歌山県,和歌山市,元寺町北ノ丁,,87
和歌山県,新宮市,元鍛治町,二丁目,30
和歌山県,新宮市,元鍛治町,一丁目,92
和歌山県,新宮市,元鍛治町,,122
和歌山県,田辺市,元町,,32
和歌山県,和歌山市,元博労町,,65
和歌山県,橋本市,原田,,70
和歌山県,橋本市,原田,,125
和歌山県,橋本市,原田,,142
和歌山県,橋本市,原田,,206
和歌山県,橋本市,原田,,480
和歌山県,橋本市,原田,,1023
和歌山県,海南市,原野,,489
和歌山県,和歌山市,源蔵馬場,,31
和歌山県,和歌山市,古屋,,2201
和歌山県,有田市,古江見,,711
和歌山県,橋本市,古佐田,四丁目,166
和歌山県,橋本市,古佐田,一丁目,168
和歌山県,橋本市,古佐田,二丁目,220
和歌山県,橋本市,古佐田,三丁目,289
和歌山県,橋本市,古佐田,,843
和歌山県,串本町,古座,,65
和歌山県,串本町,古座,,76
和歌山県,串本町,古座,,251
和歌山県,串本町,古座,,392
和歌山県,串本町,古田,,87
和歌山県,田辺市,古尾,,497
和歌山県,和歌山市,狐島,,4927
和歌山県,橋本市,胡麻生,,133
和歌山県,橋本市,胡麻生,,137
和歌山県,橋本市,胡麻生,,180
和歌山県,橋本市,胡麻生,,232
和歌山県,橋本市,胡麻生,,242
和歌山県,橋本市,胡麻生,,380
和歌山県,橋本市,胡麻生,,465
和歌山県,橋本市,胡麻生,,1769
和歌山県,新宮市,五新,,312
和歌山県,田辺市,五味,,27
和歌山県,橋本市,御幸辻,,52
和歌山県,橋本市,御幸辻,,63
和歌山県,橋本市,御幸辻,,96
和歌山県,橋本市,御幸辻,,136
和歌山県,橋本市,御幸辻,,151
和歌山県,橋本市,御幸辻,,166
和歌山県,橋本市,御幸辻,,170
和歌山県,橋本市,御幸辻,,216
和歌山県,橋本市,御幸辻,,227
和歌山県,橋本市,御幸辻,,1277
和歌山県,御坊市,御坊,,501
和歌山県,橋本市,光陽台,二丁目,386
和歌山県,橋本市,光陽台,一丁目,597
和歌山県,橋本市,光陽台,,983
和歌山県,和歌山市,口須佐,,963
和歌山県,すさみ町,口和深,,118
和歌山県,和歌山市,向,,1489
和歌山県,田辺市,向山,,18
和歌山県,田辺市,向山,,56
和歌山県,田辺市,向山,,74
和歌山県,橋本市,向副,,155
和歌山県,橋本市,向副,,225
和歌山県,橋本市,向副,,372
和歌山県,橋本市,向副,,752
和歌山県,和歌山市,広瀬中ノ丁,,532
和歌山県,和歌山市,広瀬通丁,三丁目,55
和歌山県,和歌山市,広瀬通丁,一丁目,93
和歌山県,和歌山市,広瀬通丁,,148
和歌山県,和歌山市,広道,,66
和歌山県,みなべ町,広野,,51
和歌山県,和歌山市,弘西,,2936
和歌山県,和歌山市,杭ノ瀬,,391
和歌山県,和歌山市,杭ノ瀬,,4004
和歌山県,すさみ町,江住,江須之川,95
和歌山県,すさみ町,江住,,307
和歌山県,すさみ町,江住,,402
和歌山県,田辺市,江川,,399
和歌山県,田辺市,江川,,447
和歌山県,田辺市,江川,,846
和歌山県,串本町,江田,,58
和歌山県,和歌山市,江南,,714
和歌山県,有田市,港町,,2274
和歌山県,海南市,溝ノ口,,441
和歌山県,古座川町,高瀬,,178
和歌山県,古座川町,高池,,17
和歌山県,古座川町,高池,,636
和歌山県,古座川町,高池,,653
和歌山県,海南市,高津,,230
和歌山県,新宮市,高田,,234
和歌山県,紀美野町,高畑,,9
和歌山県,串本町,高富,,275
和歌山県,みなべ町,高野,,238
和歌山県,橋本市,高野口町応其,,1131
和歌山県,橋本市,高野口町下中,,173
和歌山県,橋本市,高野口町九重,,118
和歌山県,橋本市,高野口町向島,,1063
和歌山県,橋本市,高野口町嵯峨谷,,128
和歌山県,橋本市,高野口町小田,,1371
和歌山県,橋本市,高野口町上中,,96
和歌山県,橋本市,高野口町大野,,1688
和歌山県,橋本市,高野口町竹尾,,31
和歌山県,橋本市,高野口町田原,,189
和歌山県,橋本市,高野口町伏原,,2525
和歌山県,橋本市,高野口町名古曽,,2461
和歌山県,橋本市,高野口町名倉,,1326
和歌山県,田辺市,高雄,一丁目,653
和歌山県,田辺市,高雄,二丁目,779
和歌山県,田辺市,高雄,三丁目,846
和歌山県,田辺市,高雄,,2278
和歌山県,田辺市,合川,,41
和歌山県,紀美野町,国木原,,24
和歌山県,和歌山市,黒岩,,200
和歌山県,海南市,黒江,,1709
和歌山県,和歌山市,黒田,一丁目,76
和歌山県,和歌山市,黒田,二丁目,208
和歌山県,和歌山市,黒田,,284
和歌山県,和歌山市,黒田,,3655
和歌山県,紀美野町,今西,,9
和歌山県,和歌山市,今福,三丁目,578
和歌山県,和歌山市,今福,一丁目,662
和歌山県,和歌山市,今福,四丁目,686
和歌山県,和歌山市,今福,二丁目,737
和歌山県,和歌山市,今福,五丁目,750
和歌山県,和歌山市,今福,,3413
和歌山県,田辺市,今福町,,120
和歌山県,田辺市,紺屋町,,105
和歌山県,古座川町,佐田,,28
和歌山県,串本町,佐部,,106
和歌山県,すさみ町,佐本栗垣内,,17
和歌山県,すさみ町,佐本根倉,,23
和歌山県,すさみ町,佐本深谷,,10
和歌山県,すさみ町,佐本中,,31
和歌山県,すさみ町,佐本中野,,23
和歌山県,すさみ町,佐本追川,,28
和歌山県,新宮市,佐野,三丁目,355
和歌山県,新宮市,佐野,二丁目,573
和歌山県,新宮市,佐野,一丁目,627
和歌山県,新宮市,佐野,,1747
和歌山県,新宮市,佐野,,3302
和歌山県,和歌山市,砂山南,四丁目,216
和歌山県,和歌山市,砂山南,三丁目,232
和歌山県,和歌山市,砂山南,二丁目,326
和歌山県,和歌山市,砂山南,一丁目,330
和歌山県,和歌山市,砂山南,,1104
和歌山県,橋本市,妻,三丁目,58
和歌山県,橋本市,妻,二丁目,72
和歌山県,橋本市,妻,一丁目,127
和歌山県,橋本市,妻,,166
和歌山県,橋本市,妻,,423
和歌山県,白浜町,才野,,1249
和歌山県,橋本市,細川,,324
和歌山県,和歌山市,材木丁,,68
和歌山県,紀美野町,坂本,,53
和歌山県,海南市,阪井,,2218
和歌山県,みなべ町,堺,,485
和歌山県,和歌山市,鷺ノ森西ノ丁,,23
和歌山県,和歌山市,鷺ノ森中ノ丁,,41
和歌山県,和歌山市,鷺ノ森南ノ丁,,17
和歌山県,和歌山市,鷺ノ森明神丁,,216
和歌山県,和歌山市,作事丁,,167
和歌山県,和歌山市,雑賀屋町,,430
和歌山県,和歌山市,雑賀崎,,1106
和歌山県,和歌山市,雑賀町,,49
和歌山県,和歌山市,雑賀道,,30
和歌山県,和歌山市,三葛,,101
和歌山県,和歌山市,三葛,,4350
和歌山県,和歌山市,三筋目,,31
和歌山県,橋本市,三石台,四丁目,133
和歌山県,橋本市,三石台,二丁目,1063
和歌山県,橋本市,三石台,一丁目,1355
和歌山県,橋本市,三石台,三丁目,1943
和歌山県,橋本市,三石台,,4494
和歌山県,和歌山市,三沢町,二丁目,135
和歌山県,和歌山市,三沢町,一丁目,149
和歌山県,和歌山市,三沢町,三丁目,271
和歌山県,和歌山市,三沢町,四丁目,415
和歌山県,和歌山市,三沢町,,970
和歌山県,古座川町,三尾川,,146
和歌山県,紀美野町,三尾川,,150
和歌山県,和歌山市,三木町中ノ丁,,210
和歌山県,和歌山市,三木町堀詰,,292
和歌山県,新宮市,三輪崎,二丁目,591
和歌山県,新宮市,三輪崎,一丁目,604
和歌山県,新宮市,三輪崎,三丁目,637
和歌山県,新宮市,三輪崎,,1377
和歌山県,新宮市,三輪崎,,3209
和歌山県,和歌山市,山蔭丁,,76
和歌山県,和歌山市,山口西,,672
和歌山県,海南市,山崎町,三丁目,28
和歌山県,海南市,山崎町,一丁目,54
和歌山県,海南市,山崎町,二丁目,55
和歌山県,海南市,山崎町,,137
和歌山県,古座川町,山手,,31
和歌山県,有田市,山地,,575
和歌山県,海南市,山田,,18
和歌山県,橋本市,山田,,65
和歌山県,橋本市,山田,,98
和歌山県,橋本市,山田,,122
和歌山県,橋本市,山田,,128
和歌山県,橋本市,山田,,413
和歌山県,有田市,山田原,,375
和歌山県,和歌山市,山東中,,891
和歌山県,みなべ町,山内,,116
和歌山県,みなべ町,山内,,522
和歌山県,紀美野町,四郷,,18
和歌山県,和歌山市,四筋目,,19
和歌山県,上富田町,市ノ瀬,,1734
和歌山県,みなべ町,市井川,,125
和歌山県,和歌山市,市小路,,4291
和歌山県,橋本市,市脇,五丁目,53
和歌山県,橋本市,市脇,,110
和歌山県,橋本市,市脇,三丁目,125
和歌山県,橋本市,市脇,四丁目,171
和歌山県,橋本市,市脇,一丁目,178
和歌山県,橋本市,市脇,二丁目,187
和歌山県,橋本市,市脇,,824
和歌山県,有田市,糸我町西,,1055
和歌山県,有田市,糸我町中番,,549
和歌山県,和歌山市,寺内,,753
和歌山県,海南市,次ケ谷,,203
和歌山県,和歌山市,次郎丸,,499
和歌山県,和歌山市,汐見町,三丁目,39
和歌山県,和歌山市,汐見町,一丁目,48
和歌山県,和歌山市,汐見町,二丁目,65
和歌山県,和歌山市,汐見町,,152
和歌山県,海南市,七山,,867
和歌山県,紀美野町,柴目,,150
和歌山県,みなべ町,芝,,410
和歌山県,みなべ町,芝,,436
和歌山県,みなべ町,芝,,754
和歌山県,和歌山市,芝ノ丁,,99
和歌山県,和歌山市,手平,六丁目,87
和歌山県,和歌山市,手平,二丁目,200
和歌山県,和歌山市,手平,一丁目,276
和歌山県,和歌山市,手平,五丁目,353
和歌山県,和歌山市,手平,三丁目,468
和歌山県,和歌山市,手平,四丁目,610
和歌山県,和歌山市,手平,,1994
和歌山県,すさみ町,周参見,入松,24
和歌山県,すさみ町,周参見,原,47
和歌山県,すさみ町,周参見,堀地,58
和歌山県,すさみ町,周参見,沼田谷,61
和歌山県,すさみ町,周参見,神田,110
和歌山県,すさみ町,周参見,下地二,116
和歌山県,すさみ町,周参見,石橋,120
和歌山県,すさみ町,周参見,小泊,126
和歌山県,すさみ町,周参見,本城,130
和歌山県,すさみ町,周参見,大関地,148
和歌山県,すさみ町,周参見,山崎,157
和歌山県,すさみ町,周参見,太間地,163
和歌山県,すさみ町,周参見,防地,167
和歌山県,すさみ町,周参見,立野,175
和歌山県,すさみ町,周参見,堀切,216
和歌山県,すさみ町,周参見,田中,219
和歌山県,すさみ町,周参見,平松,255
和歌山県,すさみ町,周参見,下地一,321
和歌山県,すさみ町,周参見,,2613
和歌山県,和歌山市,秋月,,2858
和歌山県,田辺市,秋津川,,571
和歌山県,田辺市,秋津町,,3172
和歌山県,和歌山市,秋葉町,,534
和歌山県,和歌山市,舟津町,三丁目,81
和歌山県,和歌山市,舟津町,一丁目,90
和歌山県,和歌山市,舟津町,二丁目,373
和歌山県,和歌山市,舟津町,,544
和歌山県,和歌山市,住吉町,,39
和歌山県,白浜町,十九渕,,202
和歌山県,白浜町,十九渕,,242
和歌山県,白浜町,十九渕,,444
和歌山県,和歌山市,十三番丁,,71
和歌山県,和歌山市,十二番丁,,489
和歌山県,和歌山市,十番丁,,353
和歌山県,海南市,重根,,2444
和歌山県,海南市,重根西,一丁目,215
和歌山県,海南市,重根西,二丁目,226
和歌山県,海南市,重根西,,441
和歌山県,海南市,重根東,二丁目,352
和歌山県,海南市,重根東,一丁目,429
和歌山県,海南市,重根東,,781
和歌山県,串本町,出雲,,634
和歌山県,和歌山市,出口甲賀丁,,173
和歌山県,和歌山市,出口新端ノ丁,,45
和歌山県,和歌山市,出口端ノ丁,,150
和歌山県,和歌山市,出口中ノ丁,,109
和歌山県,和歌山市,出水,,3251
和歌山県,橋本市,出塔,,64
和歌山県,橋本市,出塔,,78
和歌山県,橋本市,出塔,,142
和歌山県,和歌山市,出島,,1892
和歌山県,新宮市,春日,,215
和歌山県,和歌山市,駿河町,,76
和歌山県,古座川町,潤野,,36
和歌山県,有田市,初島町浜,,1608
和歌山県,有田市,初島町里,,960
和歌山県,新宮市,徐福,二丁目,42
和歌山県,新宮市,徐福,一丁目,161
和歌山県,新宮市,徐福,,203
和歌山県,和歌山市,匠町,,29
和歌山県,すさみ町,小河内,,23
和歌山県,橋本市,小原田,,94
和歌山県,橋本市,小原田,,106
和歌山県,橋本市,小原田,,153
和歌山県,橋本市,小原田,,353
和歌山県,和歌山市,小雑賀,二丁目,195
和歌山県,和歌山市,小雑賀,三丁目,344
和歌山県,和歌山市,小雑賀,,539
和歌山県,和歌山市,小雑賀,,1573
和歌山県,和歌山市,小松原,六丁目,458
和歌山県,和歌山市,小松原,五丁目,562
和歌山県,和歌山市,小松原,,1020
和歌山県,和歌山市,小松原通,四丁目,32
和歌山県,和歌山市,小松原通,三丁目,33
和歌山県,和歌山市,小松原通,,46
和歌山県,和歌山市,小松原通,一丁目,172
和歌山県,和歌山市,小人町,,30
和歌山県,和歌山市,小瀬田,,105
和歌山県,紀美野町,小西,,33
和歌山県,古座川町,小川,,61
和歌山県,和歌山市,小豆島,,369
和歌山県,紀美野町,小畑,,1312
和歌山県,橋本市,小峰台,二丁目,122
和歌山県,橋本市,小峰台,一丁目,1039
和歌山県,橋本市,小峰台,,1161
和歌山県,和歌山市,小野町,二丁目,54
和歌山県,和歌山市,小野町,三丁目,63
和歌山県,和歌山市,小野町,一丁目,79
和歌山県,和歌山市,小野町,,196
和歌山県,海南市,小野田,,2183
和歌山県,白浜町,庄川,,708
和歌山県,和歌山市,松ケ丘,三丁目,163
和歌山県,和歌山市,松ケ丘,二丁目,374
和歌山県,和歌山市,松ケ丘,一丁目,700
和歌山県,和歌山市,松ケ丘,,1237
和歌山県,紀美野町,松ケ峯,,28
和歌山県,和歌山市,松原,,111
和歌山県,和歌山市,松江,,297
和歌山県,和歌山市,松江西,二丁目,267
和歌山県,和歌山市,松江西,一丁目,305
和歌山県,和歌山市,松江西,三丁目,434
和歌山県,和歌山市,松江西,,1006
和歌山県,和歌山市,松江中,二丁目,313
和歌山県,和歌山市,松江中,三丁目,405
和歌山県,和歌山市,松江中,一丁目,624
和歌山県,和歌山市,松江中,,1342
和歌山県,和歌山市,松江東,一丁目,183
和歌山県,和歌山市,松江東,二丁目,474
和歌山県,和歌山市,松江東,三丁目,623
和歌山県,和歌山市,松江東,四丁目,1343
和歌山県,和歌山市,松江東,,2623
和歌山県,和歌山市,松江北,一丁目,180
和歌山県,和歌山市,松江北,四丁目,406
和歌山県,和歌山市,松江北,六丁目,430
和歌山県,和歌山市,松江北,三丁目,602
和歌山県,和歌山市,松江北,七丁目,634
和歌山県,和歌山市,松江北,二丁目,945
和歌山県,和歌山市,松江北,五丁目,945
和歌山県,和歌山市,松江北,,4142
和歌山県,古座川町,松根,,38
和歌山県,紀美野町,松瀬,,76
和歌山県,和歌山市,松島,,4760
和歌山県,橋本市,菖蒲谷,,121
和歌山県,橋本市,菖蒲谷,,148
和歌山県,橋本市,菖蒲谷,,189
和歌山県,橋本市,菖蒲谷,,458
和歌山県,紀美野町,上ケ井,,17
和歌山県,田辺市,上の山,一丁目,391
和歌山県,田辺市,上の山,二丁目,979
和歌山県,田辺市,上の山,,1370
和歌山県,田辺市,上屋敷,三丁目,286
和歌山県,田辺市,上屋敷,一丁目,378
和歌山県,田辺市,上屋敷,二丁目,400
和歌山県,田辺市,上屋敷,,1064
和歌山県,和歌山市,上黒谷,,165
和歌山県,田辺市,上三栖,,244
和歌山県,和歌山市,上三毛,,576
和歌山県,田辺市,上秋津,,3069
和歌山県,海南市,上谷,,96
和歌山県,和歌山市,上町,,139
和歌山県,橋本市,上田,,78
和歌山県,橋本市,上田,,234
和歌山県,橋本市,上田,,312
和歌山県,串本町,上田原,,50
和歌山県,串本町,上田原,,80
和歌山県,串本町,上田原,,130
和歌山県,田辺市,上芳養,,1477
和歌山県,新宮市,上本町,一丁目,26
和歌山県,新宮市,上本町,二丁目,42
和歌山県,新宮市,上本町,,68
和歌山県,田辺市,上万呂,,1030
和歌山県,田辺市,上野,,118
和歌山県,串本町,上野山,,455
和歌山県,和歌山市,上野町,,53
和歌山県,橋本市,城山台,四丁目,477
和歌山県,田辺市,城山台,,782
和歌山県,橋本市,城山台,一丁目,1064
和歌山県,橋本市,城山台,三丁目,1126
和歌山県,橋本市,城山台,二丁目,1234
和歌山県,橋本市,城山台,,3901
和歌山県,和歌山市,畳屋町,,162
和歌山県,みなべ町,埴田,,1260
和歌山県,和歌山市,植松丁,,113
和歌山県,田辺市,新屋敷町,,461
和歌山県,新宮市,新宮,,3823
和歌山県,和歌山市,新高町,,261
和歌山県,和歌山市,新在家,,1901
和歌山県,和歌山市,新堺丁,,18
和歌山県,和歌山市,新雑賀町,,77
和歌山県,和歌山市,新庄,,2810
和歌山県,田辺市,新庄町,,4438
和歌山県,和歌山市,新生町,,399
和歌山県,和歌山市,新大工町,,69
和歌山県,和歌山市,新中通,六丁目,40
和歌山県,和歌山市,新中通,四丁目,62
和歌山県,和歌山市,新中通,三丁目,124
和歌山県,和歌山市,新中通,一丁目,250
和歌山県,和歌山市,新中通,,476
和歌山県,和歌山市,新中島,,1915
和歌山県,新宮市,新町,三丁目,18
和歌山県,新宮市,新町,一丁目,25
和歌山県,新宮市,新町,二丁目,32
和歌山県,新宮市,新町,,75
和歌山県,和歌山市,新通,二丁目,22
和歌山県,和歌山市,新通,七丁目,25
和歌山県,和歌山市,新通,六丁目,56
和歌山県,和歌山市,新通,三丁目,59
和歌山県,和歌山市,新通,五丁目,66
和歌山県,和歌山市,新通,四丁目,75
和歌山県,和歌山市,新通,一丁目,81
和歌山県,和歌山市,新通,,384
和歌山県,有田市,新堂,,878
和歌山県,和歌山市,新堀東,一丁目,395
和歌山県,和歌山市,新堀東,二丁目,645
和歌山県,和歌山市,新堀東,,1040
和歌山県,田辺市,新万,,1770
和歌山県,和歌山市,新留丁,,235
和歌山県,和歌山市,新和歌浦,,329
和歌山県,和歌山市,森小手穂,,854
和歌山県,和歌山市,深山,,91
和歌山県,田辺市,深谷,,26
和歌山県,紀美野町,真国宮,,83
和歌山県,田辺市,神子浜,二丁目,583
和歌山県,田辺市,神子浜,一丁目,804
和歌山県,田辺市,神子浜,,1387
和歌山県,和歌山市,神前,,3180
和歌山県,新宮市,神倉,三丁目,115
和歌山県,新宮市,神倉,四丁目,233
和歌山県,新宮市,神倉,二丁目,382
和歌山県,新宮市,神倉,一丁目,445
和歌山県,新宮市,神倉,,1175
和歌山県,田辺市,神島台,,645
和歌山県,和歌山市,神波,,775
和歌山県,紀美野町,神野市場,,304
和歌山県,串本町,神野川,,185
和歌山県,橋本市,神野々,,148
和歌山県,橋本市,神野々,,165
和歌山県,橋本市,神野々,,193
和歌山県,橋本市,神野々,,195
和歌山県,橋本市,神野々,,201
和歌山県,橋本市,神野々,,226
和歌山県,橋本市,神野々,,649
和歌山県,橋本市,神野々,,1777
和歌山県,和歌山市,仁井辺,,122
和歌山県,橋本市,須河,,23
和歌山県,串本町,須江,,152
和歌山県,串本町,須江,,256
和歌山県,和歌山市,吹屋町,四丁目,191
和歌山県,和歌山市,吹屋町,三丁目,266
和歌山県,和歌山市,吹屋町,二丁目,275
和歌山県,和歌山市,吹屋町,五丁目,352
和歌山県,和歌山市,吹屋町,,1084
和歌山県,和歌山市,吹上,二丁目,60
和歌山県,和歌山市,吹上,一丁目,98
和歌山県,和歌山市,吹上,四丁目,170
和歌山県,和歌山市,吹上,二丁目,234
和歌山県,和歌山市,吹上,三丁目,491
和歌山県,和歌山市,数寄屋丁,,29
和歌山県,和歌山市,杉ノ馬場,三丁目,31
和歌山県,和歌山市,杉ノ馬場,二丁目,39
和歌山県,和歌山市,杉ノ馬場,一丁目,42
和歌山県,和歌山市,杉ノ馬場,四丁目,95
和歌山県,和歌山市,杉ノ馬場,,207
和歌山県,橋本市,杉尾,,47
和歌山県,紀美野町,菅沢,,13
和歌山県,有田市,星尾,,452
和歌山県,橋本市,清水,,44
和歌山県,橋本市,清水,,55
和歌山県,橋本市,清水,,169
和歌山県,橋本市,清水,,209
和歌山県,橋本市,清水,,212
和歌山県,橋本市,清水,,689
和歌山県,新宮市,清水元,一丁目,388
和歌山県,新宮市,清水元,二丁目,394
和歌山県,新宮市,清水元,,782
和歌山県,みなべ町,清川,,133
和歌山県,みなべ町,清川,,144
和歌山県,みなべ町,清川,,146
和歌山県,みなべ町,清川,,157
和歌山県,みなべ町,清川,,580
和歌山県,上富田町,生馬,,1924
和歌山県,和歌山市,西,,875
和歌山県,和歌山市,西ノ店,,126
和歌山県,和歌山市,西河岸町,,134
和歌山県,みなべ町,西岩代,,377
和歌山県,串本町,西向,,106
和歌山県,串本町,西向,,195
和歌山県,串本町,西向,,203
和歌山県,串本町,西向,,262
和歌山県,串本町,西向,,292
和歌山県,和歌山市,西高松,二丁目,643
和歌山県,和歌山市,西高松,一丁目,1615
和歌山県,和歌山市,西高松,,2258
和歌山県,和歌山市,西紺屋町,一丁目,47
和歌山県,和歌山市,西紺屋町,二丁目,50
和歌山県,和歌山市,西紺屋町,,97
和歌山県,和歌山市,西坂ノ上丁,,107
和歌山県,和歌山市,西小二里,一丁目,332
和歌山県,和歌山市,西庄,,953
和歌山県,和歌山市,西庄,,8072
和歌山県,古座川町,西川,,77
和歌山県,和歌山市,西蔵前丁,,154
和歌山県,和歌山市,西大工町,,58
和歌山県,和歌山市,西仲間町,一丁目,34
和歌山県,和歌山市,西仲間町,二丁目,44
和歌山県,和歌山市,西仲間町,,78
和歌山県,和歌山市,西長町,一丁目,56
和歌山県,和歌山市,西長町,二丁目,65
和歌山県,和歌山市,西長町,,121
和歌山県,和歌山市,西釘貫丁,一丁目,32
和歌山県,和歌山市,西釘貫丁,二丁目,112
和歌山県,和歌山市,西釘貫丁,三丁目,207
和歌山県,和歌山市,西釘貫丁,,351
和歌山県,和歌山市,西田井,,553
和歌山県,橋本市,西畑,,36
和歌山県,橋本市,西畑,,54
和歌山県,橋本市,西畑,,90
和歌山県,和歌山市,西浜,二丁目,405
和歌山県,和歌山市,西浜,一丁目,468
和歌山県,和歌山市,西浜,,1199
和歌山県,和歌山市,西浜,,1291
和歌山県,和歌山市,西浜,三丁目,1434
和歌山県,和歌山市,西浜,,2307
和歌山県,和歌山市,西浜,,3999
和歌山県,和歌山市,西布経丁,六丁目,32
和歌山県,和歌山市,西布経丁,四丁目,33
和歌山県,和歌山市,西布経丁,五丁目,66
和歌山県,和歌山市,西布経丁,三丁目,106
和歌山県,和歌山市,西布経丁,,237
和歌山県,みなべ町,西本庄,,577
和歌山県,紀美野町,西野,,96
和歌山県,和歌山市,石橋丁,,177
和歌山県,海南市,赤沼,,21
和歌山県,橋本市,赤塚,,196
和歌山県,紀美野町,赤木,,26
和歌山県,有田市,千田,,103
和歌山県,有田市,千田,,750
和歌山県,有田市,千田,,1364
和歌山県,新宮市,千穂,二丁目,227
和歌山県,新宮市,千穂,三丁目,320
和歌山県,新宮市,千穂,一丁目,339
和歌山県,新宮市,千穂,,886
和歌山県,和歌山市,専光寺門前丁,,57
和歌山県,古座川町,川口,,75
和歌山県,和歌山市,川辺,,868
和歌山県,田辺市,扇ケ浜,,71
和歌山県,和歌山市,船所,,3062
和歌山県,和歌山市,船場町,,38
和歌山県,新宮市,船町,一丁目,16
和歌山県,新宮市,船町,三丁目,20
和歌山県,新宮市,船町,二丁目,53
和歌山県,新宮市,船町,,89
和歌山県,海南市,船尾,,2690
和歌山県,新宮市,相賀,,9
和歌山県,新宮市,相筋,一丁目,150
和歌山県,新宮市,相筋,二丁目,355
和歌山県,新宮市,相筋,,505
和歌山県,和歌山市,相坂,,595
和歌山県,古座川町,相瀬,,34
和歌山県,和歌山市,蔵小路,,10
和歌山県,古座川町,蔵土,,30
和歌山県,海南市,多田,,870
和歌山県,すさみ町,太間川,上村,13
和歌山県,すさみ町,太間川,下村,28
和歌山県,すさみ町,太間川,,41
和歌山県,和歌山市,太田,四丁目,348
和歌山県,和歌山市,太田,三丁目,352
和歌山県,和歌山市,太田,一丁目,452
和歌山県,和歌山市,太田,二丁目,634
和歌山県,和歌山市,太田,,1786
和歌山県,和歌山市,太田,,2519
和歌山県,和歌山市,打越町,,604
和歌山県,和歌山市,大河内,,344
和歌山県,和歌山市,大垣内,,429
和歌山県,紀美野町,大角,,97
和歌山県,新宮市,大橋通,三丁目,27
和歌山県,新宮市,大橋通,二丁目,36
和歌山県,新宮市,大橋通,四丁目,43
和歌山県,新宮市,大橋通,,106
和歌山県,由良町,大字阿戸,,387
和歌山県,日高町,大字阿尾,,102
和歌山県,日高町,大字阿尾,,414
和歌山県,日高川町,大字愛川,,33
和歌山県,有田川町,大字粟生,,258
和歌山県,白浜町,大字安居,,185
和歌山県,岩出市,大字安上,,1203
和歌山県,白浜町,大字安宅,,444
和歌山県,日高川町,大字伊藤川,,38
和歌山県,かつらぎ町,大字移,,56
和歌山県,由良町,大字衣奈,,520
和歌山県,紀の川市,大字井ノ口,,415
和歌山県,紀の川市,大字井ノ口,,1158
和歌山県,紀の川市,大字井ノ口,,1573
和歌山県,広川町,大字井関,,247
和歌山県,那智勝浦町,大字井関,,381
和歌山県,有田川町,大字井口,,261
和歌山県,那智勝浦町,大字井鹿,,52
和歌山県,有田川町,大字井谷,,20
和歌山県,紀の川市,大字井田,,252
和歌山県,印南町,大字印南,,148
和歌山県,印南町,大字印南,,191
和歌山県,印南町,大字印南,,281
和歌山県,印南町,大字印南,,460
和歌山県,印南町,大字印南,,465
和歌山県,印南町,大字印南,,677
和歌山県,印南町,大字印南,,2222
和歌山県,印南町,大字印南原,,73
和歌山県,印南町,大字印南原,,106
和歌山県,印南町,大字印南原,,129
和歌山県,印南町,大字印南原,,168
和歌山県,印南町,大字印南原,,185
和歌山県,印南町,大字印南原,,328
和歌山県,印南町,大字印南原,,989
和歌山県,有田川町,大字宇井苔,,20
和歌山県,那智勝浦町,大字宇久井,,128
和歌山県,那智勝浦町,大字宇久井,,173
和歌山県,那智勝浦町,大字宇久井,,277
和歌山県,那智勝浦町,大字宇久井,,719
和歌山県,那智勝浦町,大字宇久井,,1395
和歌山県,那智勝浦町,大字宇久井,,2692
和歌山県,白浜町,大字宇津木,,13
和歌山県,印南町,大字羽六,,183
和歌山県,那智勝浦町,大字浦神,,192
和歌山県,那智勝浦町,大字浦神,,342
和歌山県,那智勝浦町,大字浦神,,534
和歌山県,有田川町,大字延坂,,41
和歌山県,有田川町,大字遠井,,37
和歌山県,紀の川市,大字遠方,,213
和歌山県,白浜町,大字塩野,,13
和歌山県,白浜町,大字塩野,,57
和歌山県,白浜町,大字塩野,,70
和歌山県,有田川町,大字奥,,725
和歌山県,有田川町,大字押手,,52
和歌山県,岩出市,大字押川,,15
和歌山県,紀の川市,大字横谷,,58
和歌山県,紀の川市,大字横谷,,70
和歌山県,紀の川市,大字横谷,,128
和歌山県,紀の川市,大字王子,,145
和歌山県,紀の川市,大字王子,,150
和歌山県,紀の川市,大字王子,,295
和歌山県,岩出市,大字岡田,,2374
和歌山県,紀の川市,大字下井阪,,144
和歌山県,紀の川市,大字下井阪,,1002
和歌山県,九度山町,大字下古沢,,97
和歌山県,九度山町,大字下古沢,,133
和歌山県,九度山町,大字下古沢,,230
和歌山県,紀の川市,大字下丹生谷,,325
和歌山県,広川町,大字下津木,,35
和歌山県,広川町,大字下津木,,41
和歌山県,広川町,大字下津木,,44
和歌山県,広川町,大字下津木,,169
和歌山県,広川町,大字下津木,,289
和歌山県,有田川町,大字下津野,,727
和歌山県,有田川町,大字下津野,,852
和歌山県,有田川町,大字下津野,,998
和歌山県,有田川町,大字下津野,,2577
和歌山県,かつらぎ町,大字下天野,,184
和歌山県,日高川町,大字下田原,,56
和歌山県,有田川町,大字下湯川,,66
和歌山県,高野町,大字下筒香,,14
和歌山県,北山村,大字下尾井,,147
和歌山県,那智勝浦町,大字下里,,143
和歌山県,那智勝浦町,大字下里,,175
和歌山県,那智勝浦町,大字下里,,989
和歌山県,那智勝浦町,大字下里,,1307
和歌山県,有田川町,大字下六川,,75
和歌山県,那智勝浦町,大字下和田,,101
和歌山県,紀の川市,大字下鞆渕,,172
和歌山県,九度山町,大字河根,,31
和歌山県,九度山町,大字河根,,49
和歌山県,九度山町,大字河根,,117
和歌山県,九度山町,大字河根,,138
和歌山県,九度山町,大字河根,,335
和歌山県,広川町,大字河瀬,,65
和歌山県,高野町,大字花坂,,136
和歌山県,紀の川市,大字花野,,182
和歌山県,紀の川市,大字花野,,431
和歌山県,日高川町,大字皆瀬,,229
和歌山県,印南町,大字皆瀬川,,47
和歌山県,有田川町,大字垣倉,,353
和歌山県,紀の川市,大字垣内,,31
和歌山県,有田川町,大字角,,154
和歌山県,かつらぎ町,大字笠田中,,288
和歌山県,かつらぎ町,大字笠田中,,339
和歌山県,かつらぎ町,大字笠田中,,627
和歌山県,かつらぎ町,大字笠田東,,15
和歌山県,かつらぎ町,大字笠田東,,208
和歌山県,かつらぎ町,大字笠田東,,299
和歌山県,かつらぎ町,大字笠田東,,643
和歌山県,かつらぎ町,大字笠田東,,750
和歌山県,かつらぎ町,大字笠田東,,1915
和歌山県,九度山町,大字笠木,,13
和歌山県,有田川町,大字釜中,,46
和歌山県,日高川町,大字寒川,,246
和歌山県,日高川町,大字寒川,,246
和歌山県,有田川町,大字歓喜寺,,151
和歌山県,紀の川市,大字丸栖,,434
和歌山県,紀の川市,大字丸栖,,581
和歌山県,紀の川市,大字丸栖,,605
和歌山県,紀の川市,大字丸栖,,645
和歌山県,紀の川市,大字丸栖,,2265
和歌山県,紀の川市,大字岸宮,,1824
和歌山県,紀の川市,大字岸小野,,279
和歌山県,有田川町,大字岩野河,,98
和歌山県,岩出市,大字紀泉台,,1836
和歌山県,有田川町,大字吉見,,178
和歌山県,美浜町,大字吉原,,884
和歌山県,美浜町,大字吉原,,968
和歌山県,有田川町,大字吉原,,1138
和歌山県,美浜町,大字吉原,,1852
和歌山県,湯浅町,大字吉川,,811
和歌山県,岩出市,大字吉田,,2379
和歌山県,白浜町,大字久木,,31
和歌山県,有田川町,大字久野原,,276
和歌山県,紀の川市,大字久留壁,,595
和歌山県,岩出市,大字宮,,357
和歌山県,印南町,大字宮ノ前,,137
和歌山県,有田川町,大字宮川,,31
和歌山県,かつらぎ町,大字宮本,,29
和歌山県,有田川町,大字境川,,40
和歌山県,岩出市,大字境谷,,32
和歌山県,かつらぎ町,大字教良寺,,109
和歌山県,那智勝浦町,大字橋ノ川,,13
和歌山県,白浜町,大字玉伝,,29
和歌山県,有田川町,大字金屋,,812
和歌山県,岩出市,大字金屋,,1534
和歌山県,岩出市,大字金池,,2190
和歌山県,九度山町,大字九度山,,15
和歌山県,九度山町,大字九度山,,35
和歌山県,九度山町,大字九度山,,38
和歌山県,九度山町,大字九度山,,42
和歌山県,九度山町,大字九度山,,45
和歌山県,九度山町,大字九度山,,56
和歌山県,九度山町,大字九度山,,62
和歌山県,九度山町,大字九度山,,67
和歌山県,九度山町,大字九度山,,99
和歌山県,九度山町,大字九度山,,105
和歌山県,九度山町,大字九度山,,107
和歌山県,九度山町,大字九度山,,108
和歌山県,九度山町,大字九度山,,119
和歌山県,九度山町,大字九度山,,131
和歌山県,九度山町,大字九度山,,190
和歌山県,九度山町,大字九度山,,259
和歌山県,九度山町,大字九度山,,486
和歌山県,那智勝浦町,大字狗子の川,,81
和歌山県,紀の川市,大字窪,,79
和歌山県,かつらぎ町,大字窪,,93
和歌山県,紀の川市,大字窪,,194
和歌山県,紀の川市,大字窪,,247
和歌山県,有田川町,大字熊井,,359
和歌山県,那智勝浦町,大字熊瀬川,,12
和歌山県,日高川町,大字熊野川,,129
和歌山県,かつらぎ町,大字兄井,,157
和歌山県,岩出市,大字荊本,,1375
和歌山県,日高町,大字荊木,,1215
和歌山県,紀の川市,大字穴伏,,127
和歌山県,有田川町,大字賢,,358
和歌山県,紀の川市,大字元,,865
和歌山県,岩出市,大字原,,31
和歌山県,日高町,大字原谷,,356
和歌山県,日高川町,大字原日浦,,46
和歌山県,日高川町,大字玄子,,143
和歌山県,印南町,大字古井,,322
和歌山県,印南町,大字古屋,,57
和歌山県,紀の川市,大字古和田,,122
和歌山県,由良町,大字戸津井,,87
和歌山県,紀の川市,大字後田,,459
和歌山県,かつらぎ町,大字御所,,113
和歌山県,白浜町,大字口ケ谷,,59
和歌山県,那智勝浦町,大字口色川,,83
和歌山県,白浜町,大字向平,,10
和歌山県,広川町,大字広,,34
和歌山県,広川町,大字広,,55
和歌山県,広川町,大字広,,75
和歌山県,広川町,大字広,,79
和歌山県,広川町,大字広,,84
和歌山県,広川町,大字広,,87
和歌山県,広川町,大字広,,88
和歌山県,広川町,大字広,,101
和歌山県,広川町,大字広,,114
和歌山県,広川町,大字広,,126
和歌山県,広川町,大字広,,135
和歌山県,広川町,大字広,,157
和歌山県,広川町,大字広,,168
和歌山県,広川町,大字広,,168
和歌山県,広川町,大字広,,174
和歌山県,広川町,大字広,,314
和歌山県,広川町,大字広,,348
和歌山県,広川町,大字広,,376
和歌山県,広川町,大字広,,2683
和歌山県,かつらぎ町,大字広浦,,43
和歌山県,かつらぎ町,大字広口,,46
和歌山県,かつらぎ町,大字広口,,110
和歌山県,かつらぎ町,大字広口,,156
和歌山県,紀の川市,大字広野,,94
和歌山県,由良町,大字江ノ駒,,248
和歌山県,日高川町,大字江川,,600
和歌山県,紀の川市,大字江川中,,64
和歌山県,紀の川市,大字江川中,,112
和歌山県,紀の川市,大字江川中,,113
和歌山県,紀の川市,大字江川中,,289
和歌山県,岩出市,大字溝川,,935
和歌山県,紀の川市,大字荒見,,1163
和歌山県,那智勝浦町,大字高遠井,,18
和歌山県,日高町,大字高家,,1213
和歌山県,岩出市,大字高瀬,,282
和歌山県,那智勝浦町,大字高津気,,76
和歌山県,日高川町,大字高津尾,,59
和歌山県,日高川町,大字高津尾,,412
和歌山県,岩出市,大字高塚,,1175
和歌山県,かつらぎ町,大字高田,,244
和歌山県,紀の川市,大字高尾,,124
和歌山県,紀の川市,大字高野,,158
和歌山県,高野町,大字高野山,,37
和歌山県,高野町,大字高野山,,41
和歌山県,高野町,大字高野山,,42
和歌山県,高野町,大字高野山,,54
和歌山県,高野町,大字高野山,,61
和歌山県,高野町,大字高野山,,74
和歌山県,高野町,大字高野山,,76
和歌山県,高野町,大字高野山,,84
和歌山県,高野町,大字高野山,,86
和歌山県,高野町,大字高野山,,89
和歌山県,高野町,大字高野山,,99
和歌山県,高野町,大字高野山,,106
和歌山県,高野町,大字高野山,,142
和歌山県,高野町,大字高野山,,150
和歌山県,高野町,大字高野山,,154
和歌山県,高野町,大字高野山,,159
和歌山県,高野町,大字高野山,,422
和歌山県,高野町,大字高野山,,454
和歌山県,高野町,大字高野山,,2330
和歌山県,紀の川市,大字国主,,420
和歌山県,紀の川市,大字国主,,703
和歌山県,紀の川市,大字国主,,1123
和歌山県,有田川町,大字黒松,,82
和歌山県,紀の川市,大字黒川,,22
和歌山県,紀の川市,大字黒川,,23
和歌山県,紀の川市,大字黒川,,25
和歌山県,紀の川市,大字黒川,,69
和歌山県,紀の川市,大字黒土,,317
和歌山県,岩出市,大字今中,,649
和歌山県,岩出市,大字根来,,2998
和歌山県,日高川町,大字佐井,,114
和歌山県,かつらぎ町,大字佐野,,11
和歌山県,かつらぎ町,大字佐野,,602
和歌山県,かつらぎ町,大字佐野,,776
和歌山県,かつらぎ町,大字佐野,,1389
和歌山県,紀の川市,大字最上,,80
和歌山県,紀の川市,大字最上,,107
和歌山県,紀の川市,大字最上,,182
和歌山県,紀の川市,大字最上,,256
和歌山県,紀の川市,大字最上,,585
和歌山県,高野町,大字細川,,17
和歌山県,高野町,大字細川,,57
和歌山県,高野町,大字細川,,74
和歌山県,日高川町,大字坂野川,,91
和歌山県,印南町,大字崎ノ原,,46
和歌山県,岩出市,大字桜台,,1441
和歌山県,日高川町,大字三佐,,154
和歌山県,日高川町,大字三十井川,,15
和歌山県,日高川町,大字三十木,,73
和歌山県,有田川町,大字三瀬川,,18
和歌山県,かつらぎ町,大字三谷,,432
和歌山県,有田川町,大字三田,,70
和歌山県,美浜町,大字三尾,,578
和歌山県,由良町,大字三尾川,,178
和歌山県,日高川町,大字三百瀬,,280
和歌山県,岩出市,大字山,,2997
和歌山県,印南町,大字山口,,565
和歌山県,かつらぎ町,大字山崎,,127
和歌山県,岩出市,大字山崎,,435
和歌山県,湯浅町,大字山田,,532
和歌山県,岩出市,大字山田,,719
和歌山県,広川町,大字山本,,147
和歌山県,広川町,大字山本,,395
和歌山県,広川町,大字山本,,542
和歌山県,日高川町,大字山野,,42
和歌山県,日高川町,大字山野,,43
和歌山県,日高川町,大字山野,,62
和歌山県,日高川町,大字山野,,318
和歌山県,日高町,大字産湯,,127
和歌山県,日高川町,大字姉子,,32
和歌山県,那智勝浦町,大字市屋,,142
和歌山県,白浜町,大字市鹿野,,22
和歌山県,白浜町,大字市鹿野,,178
和歌山県,白浜町,大字市鹿野,,200
和歌山県,有田川町,大字市場,,308
和歌山県,紀の川市,大字市場,,1031
和歌山県,那智勝浦町,大字市野々,,564
和歌山県,日高町,大字志賀,,93
和歌山県,日高町,大字志賀,,116
和歌山県,日高町,大字志賀,,145
和歌山県,かつらぎ町,大字志賀,,158
和歌山県,日高町,大字志賀,,465
和歌山県,日高町,大字志賀,,491
和歌山県,日高町,大字志賀,,614
和歌山県,有田川町,大字糸川,,81
和歌山県,有田川町,大字糸野,,319
和歌山県,白浜町,大字寺山,,20
和歌山県,かつらぎ町,大字寺尾,,149
和歌山県,九度山町,大字慈尊院,,97
和歌山県,九度山町,大字慈尊院,,285
和歌山県,九度山町,大字慈尊院,,382
和歌山県,北山村,大字七色,,59
和歌山県,日高川町,大字蛇尾,,132
和歌山県,日高川町,大字若野,,112
和歌山県,有田川町,大字修理川,,116
和歌山県,紀の川市,大字重行,,123
和歌山県,有田川町,大字出,,193
和歌山県,日高川町,大字初湯川,,320
和歌山県,那智勝浦町,大字勝浦,,64
和歌山県,那智勝浦町,大字勝浦,,71
和歌山県,那智勝浦町,大字勝浦,,157
和歌山県,那智勝浦町,大字勝浦,,178
和歌山県,那智勝浦町,大字勝浦,,229
和歌山県,那智勝浦町,大字勝浦,,324
和歌山県,那智勝浦町,大字勝浦,,1023
和歌山県,紀の川市,大字勝神,,42
和歌山県,由良町,大字小引,,96
和歌山県,日高町,大字小浦,,108
和歌山県,日高川町,大字小釜本,,71
和歌山県,日高川町,大字小熊,,1483
和歌山県,印南町,大字小原,,25
和歌山県,有田川町,大字小原,,35
和歌山県,日高町,大字小坂,,88
和歌山県,那智勝浦町,大字小阪,,37
和歌山県,那智勝浦町,大字小匠,,54
和歌山県,白浜町,大字小川,,17
和歌山県,有田川町,大字小川,,609
和歌山県,日高町,大字小池,,306
和歌山県,日高町,大字小中,,327
和歌山県,有田川町,大字小島,,502
和歌山県,那智勝浦町,大字庄,,51
和歌山県,有田川町,大字庄,,112
和歌山県,有田川町,大字庄,,1499
和歌山県,有田川町,大字庄,,1611
和歌山県,紀の川市,大字松井,,47
和歌山県,印南町,大字松原,,32
和歌山県,有田川町,大字松原,,58
和歌山県,日高川町,大字松瀬,,135
和歌山県,有田川町,大字沼,,41
和歌山県,有田川町,大字沼谷,,32
和歌山県,有田川町,大字沼田,,65
和歌山県,日高川町,大字鐘巻,,176
和歌山県,日高川町,大字上越方,,16
和歌山県,九度山町,大字上古沢,,127
和歌山県,日高川町,大字上初湯川,,39
和歌山県,紀の川市,大字上丹生谷,,230
和歌山県,有田川町,大字上中島,,427
和歌山県,広川町,大字上中野,,585
和歌山県,広川町,大字上津木,,12
和歌山県,広川町,大字上津木,,75
和歌山県,広川町,大字上津木,,200
和歌山県,広川町,大字上津木,,287
和歌山県,かつらぎ町,大字上天野,,58
和歌山県,紀の川市,大字上田井,,636
和歌山県,日高川町,大字上田原,,31
和歌山県,有田川町,大字上湯川,,17
和歌山県,高野町,大字上筒香,,28
和歌山県,印南町,大字上洞,,104
和歌山県,紀の川市,大字上野,,474
和歌山県,紀の川市,大字上野山,,649
和歌山県,有田川町,大字上六川,,20
和歌山県,有田川町,大字上六川,,54
和歌山県,紀の川市,大字上鞆渕,,111
和歌山県,白浜町,大字城,,13
和歌山県,有田川町,大字植野,,441
和歌山県,かつらぎ町,大字新城,,110
和歌山県,かつらぎ町,大字新田,,87
和歌山県,かつらぎ町,大字新田,,89
和歌山県,かつらぎ町,大字新田,,89
和歌山県,かつらぎ町,大字新田,,265
和歌山県,岩出市,大字新田広芝,,1773
和歌山県,岩出市,大字森,,964
和歌山県,太地町,大字森浦,,231
和歌山県,紀の川市,大字深田,,314
和歌山県,紀の川市,大字神戸,,1909
和歌山県,由良町,大字神谷,,232
和歌山県,かつらぎ町,大字神田,,14
和歌山県,紀の川市,大字神田,,103
和歌山県,紀の川市,大字神田,,114
和歌山県,紀の川市,大字神田,,354
和歌山県,紀の川市,大字神領,,91
和歌山県,由良町,大字吹井,,54
和歌山県,由良町,大字吹井,,113
和歌山県,由良町,大字吹井,,419
和歌山県,由良町,大字吹井,,489
和歌山県,有田川町,大字水尻,,1434
和歌山県,岩出市,大字水栖,,2373
和歌山県,紀の川市,大字杉原,,398
和歌山県,有田川町,大字杉野原,,99
和歌山県,有田川町,大字瀬井,,27
和歌山県,有田川町,大字瀬井,,32
和歌山県,かつらぎ町,大字星山,,45
和歌山県,かつらぎ町,大字星川,,82
和歌山県,湯浅町,大字栖原,,286
和歌山県,湯浅町,大字栖原,,314
和歌山県,湯浅町,大字栖原,,794
和歌山県,湯浅町,大字栖原,,1394
和歌山県,有田川町,大字清水,,767
和歌山県,岩出市,大字清水,,1403
和歌山県,有田川町,大字生石,,123
和歌山県,有田川町,大字西ケ峰,,98
和歌山県,有田川町,大字西ケ峰,,109
和歌山県,印南町,大字西ノ地,,39
和歌山県,印南町,大字西ノ地,,97
和歌山県,印南町,大字西ノ地,,98
和歌山県,印南町,大字西ノ地,,114
和歌山県,印南町,大字西ノ地,,128
和歌山県,印南町,大字西ノ地,,458
和歌山県,印南町,大字西ノ地,,934
和歌山県,岩出市,大字西安上,,1029
和歌山県,高野町,大字西郷,,14
和歌山県,高野町,大字西郷,,24
和歌山県,高野町,大字西郷,,38
和歌山県,広川町,大字西広,,397
和歌山県,岩出市,大字西国分,,2570
和歌山県,紀の川市,大字西三谷,,138
和歌山県,紀の川市,大字西三谷,,273
和歌山県,紀の川市,大字西三谷,,382
和歌山県,紀の川市,大字西山,,532
和歌山県,紀の川市,大字西山田,,46
和歌山県,かつらぎ町,大字西渋田,,179
和歌山県,かつらぎ町,大字西渋田,,418
和歌山県,かつらぎ町,大字西渋田,,597
和歌山県,印南町,大字西神ノ川,,29
和歌山県,紀の川市,大字西川原,,172
和歌山県,紀の川市,大字西大井,,597
和歌山県,有田川町,大字西丹生図,,334
和歌山県,那智勝浦町,大字西中野川,,9
和歌山県,かつらぎ町,大字西飯降,,307
和歌山県,高野町,大字西富貴,,102
和歌山県,岩出市,大字西野,,656
和歌山県,紀の川市,大字西野山,,42
和歌山県,紀の川市,大字西野山,,169
和歌山県,紀の川市,大字西野山,,211
和歌山県,紀の川市,大字西脇,,118
和歌山県,紀の川市,大字西脇,,279
和歌山県,紀の川市,大字西脇,,397
和歌山県,有田川町,大字青田,,80
和歌山県,湯浅町,大字青木,,771
和歌山県,岩出市,大字赤垣内,,377
和歌山県,紀の川市,大字赤沼田,,21
和歌山県,紀の川市,大字赤沼田,,38
和歌山県,紀の川市,大字赤沼田,,59
和歌山県,紀の川市,大字赤尾,,169
和歌山県,紀の川市,大字赤尾,,290
和歌山県,紀の川市,大字切畑,,64
和歌山県,紀の川市,大字切畑,,167
和歌山県,紀の川市,大字切畑,,231
和歌山県,日高川町,大字千津川,,348
和歌山県,那智勝浦町,大字川関,,620
和歌山県,日高川町,大字川原河,,203
和歌山県,有田川町,大字川口,,129
和歌山県,有田川町,大字川合,,30
和歌山県,岩出市,大字川尻,,1027
和歌山県,印南町,大字川又,,118
和歌山県,印南町,大字川又,,118
和歌山県,日高川町,大字浅間,,32
和歌山県,岩出市,大字船戸,,292
和歌山県,有田川町,大字船坂,,167
和歌山県,日高川町,大字船津,,422
和歌山県,広川町,大字前田,,188
和歌山県,紀の川市,大字前田,,1121
和歌山県,紀の川市,大字善田,,118
和歌山県,岩出市,大字曽屋,,1764
和歌山県,日高川町,大字早藤,,114
和歌山県,高野町,大字相ノ浦,,24
和歌山県,岩出市,大字相谷,,1833
和歌山県,太地町,大字太地,,101
和歌山県,太地町,大字太地,,131
和歌山県,太地町,大字太地,,172
和歌山県,太地町,大字太地,,222
和歌山県,太地町,大字太地,,233
和歌山県,太地町,大字太地,,386
和歌山県,太地町,大字太地,,1315
和歌山県,太地町,大字太地,,2560
和歌山県,紀の川市,大字打田,,120
和歌山県,紀の川市,大字打田,,143
和歌山県,紀の川市,大字打田,,1551
和歌山県,白浜町,大字大,,40
和歌山県,由良町,大字大引,,342
和歌山県,有田川町,大字大賀畑,,12
和歌山県,紀の川市,大字大原,,58
和歌山県,白浜町,大字大古,,238
和歌山県,北山村,大字大沼,,155
和歌山県,有田川町,大字大西,,21
和歌山県,有田川町,大字大蔵,,23
和歌山県,有田川町,大字大谷,,154
和歌山県,かつらぎ町,大字大谷,,664
和歌山県,岩出市,大字大町,,224
和歌山県,かつらぎ町,大字大畑,,15
和歌山県,日高川町,大字大又,,15
和歌山県,那智勝浦町,大字大野,,70
和歌山県,かつらぎ町,大字大藪,,390
和歌山県,かつらぎ町,大字滝,,118
和歌山県,日高川町,大字滝頭,,84
和歌山県,有田川町,大字谷,,27
和歌山県,印南町,大字丹生,,91
和歌山県,有田川町,大字丹生,,156
和歌山県,九度山町,大字丹生川,,15
和歌山県,九度山町,大字丹生川,,33
和歌山県,九度山町,大字丹生川,,48
和歌山県,かつらぎ町,大字短野,,223
和歌山県,紀の川市,大字段,,384
和歌山県,紀の川市,大字段新田,,215
和歌山県,紀の川市,大字段新田,,260
和歌山県,日高町,大字池田,,180
和歌山県,紀の川市,大字池田新,,155
和歌山県,那智勝浦町,大字築地,,13
和歌山県,那智勝浦町,大字築地,,28
和歌山県,那智勝浦町,大字築地,,39
和歌山県,那智勝浦町,大字築地,,40
和歌山県,那智勝浦町,大字築地,,49
和歌山県,那智勝浦町,大字築地,,50
和歌山県,那智勝浦町,大字築地,,54
和歌山県,北山村,大字竹原,,43
和歌山県,紀の川市,大字竹房,,60
和歌山県,有田川町,大字中,,60
和歌山県,由良町,大字中,,133
和歌山県,那智勝浦町,大字中ノ川,,54
和歌山県,有田川町,大字中井原,,485
和歌山県,紀の川市,大字中井阪,,343
和歌山県,有田川町,大字中原,,41
和歌山県,九度山町,大字中古沢,,124
和歌山県,岩出市,大字中黒,,1950
和歌山県,紀の川市,大字中三谷,,619
和歌山県,紀の川市,大字中山,,102
和歌山県,紀の川市,大字中津川,,186
和歌山県,日高川町,大字中津川,,200
和歌山県,岩出市,大字中島,,2285
和歌山県,白浜町,大字中嶋,,23
和歌山県,高野町,大字中筒香,,10
和歌山県,岩出市,大字中迫,,1725
和歌山県,紀の川市,大字中畑,,11
和歌山県,紀の川市,大字中畑,,31
和歌山県,かつらぎ町,大字中飯降,,152
和歌山県,かつらぎ町,大字中飯降,,922
和歌山県,かつらぎ町,大字中飯降,,1074
和歌山県,有田川町,大字中峰,,40
和歌山県,有田川町,大字中野,,187
和歌山県,那智勝浦町,大字中里,,152
和歌山県,紀の川市,大字中鞆渕,,137
和歌山県,紀の川市,大字猪垣,,234
和歌山県,かつらぎ町,大字丁ノ町,,26
和歌山県,かつらぎ町,大字丁ノ町,,115
和歌山県,かつらぎ町,大字丁ノ町,,332
和歌山県,かつらぎ町,大字丁ノ町,,1293
和歌山県,かつらぎ町,大字丁ノ町,,1766
和歌山県,那智勝浦町,大字朝日,一丁目,162
和歌山県,那智勝浦町,大字朝日,,202
和歌山県,那智勝浦町,大字朝日,,202
和歌山県,那智勝浦町,大字朝日,,215
和歌山県,那智勝浦町,大字朝日,,396
和歌山県,紀の川市,大字調月,,35
和歌山県,紀の川市,大字調月,,304
和歌山県,紀の川市,大字調月,,314
和歌山県,紀の川市,大字調月,,351
和歌山県,紀の川市,大字調月,,468
和歌山県,那智勝浦町,大字長井,,40
和歌山県,紀の川市,大字長原,,804
和歌山県,紀の川市,大字長原,,986
和歌山県,紀の川市,大字長原,,1790
和歌山県,紀の川市,大字長山,,643
和歌山県,紀の川市,大字長山,,1919
和歌山県,紀の川市,大字長山,,2562
和歌山県,有田川町,大字長谷川,,260
和歌山県,有田川町,大字長田,,302
和歌山県,紀の川市,大字長田中,,295
和歌山県,紀の川市,大字鳥居,,260
和歌山県,印南町,大字津井,,260
和歌山県,九度山町,大字椎出,,18
和歌山県,九度山町,大字椎出,,108
和歌山県,九度山町,大字椎出,,132
和歌山県,九度山町,大字椎出,,258
和歌山県,那智勝浦町,大字天満,一丁目,38
和歌山県,那智勝浦町,大字天満,一丁目,113
和歌山県,那智勝浦町,大字天満,,130
和歌山県,那智勝浦町,大字天満,,143
和歌山県,那智勝浦町,大字天満,,184
和歌山県,那智勝浦町,大字天満,,549
和歌山県,那智勝浦町,大字天満,,1087
和歌山県,有田川町,大字天満,,1281
和歌山県,那智勝浦町,大字天満,,2206
和歌山県,広川町,大字殿,,157
和歌山県,湯浅町,大字田,,919
和歌山県,印南町,大字田ノ垣内,,20
和歌山県,美浜町,大字田井,,790
和歌山県,那智勝浦町,大字田垣内,,63
和歌山県,有田川町,大字田角,,64
和歌山県,有田川町,大字田口,,330
和歌山県,日高川町,大字田尻,,86
和歌山県,紀の川市,大字田中馬場,,230
和歌山県,白浜町,大字田野井,,202
和歌山県,紀の川市,大字登尾,,71
和歌山県,日高川町,大字土生,,511
和歌山県,有田川町,大字土生,,544
和歌山県,広川町,大字唐尾,,328
和歌山県,かつらぎ町,大字島,,81
和歌山県,印南町,大字島田,,10
和歌山県,印南町,大字島田,,21
和歌山県,印南町,大字島田,,61
和歌山県,印南町,大字島田,,97
和歌山県,印南町,大字島田,,104
和歌山県,印南町,大字島田,,105
和歌山県,印南町,大字島田,,131
和歌山県,印南町,大字島田,,228
和歌山県,印南町,大字島田,,757
和歌山県,紀の川市,大字嶋,,240
和歌山県,九度山町,大字東郷,,43
和歌山県,紀の川市,大字東国分,,64
和歌山県,紀の川市,大字東国分,,205
和歌山県,紀の川市,大字東国分,,253
和歌山県,紀の川市,大字東国分,,737
和歌山県,岩出市,大字東坂本,,646
和歌山県,紀の川市,大字東三谷,,289
和歌山県,紀の川市,大字東山田,,39
和歌山県,かつらぎ町,大字東渋田,,21
和歌山県,かつらぎ町,大字東渋田,,27
和歌山県,かつらぎ町,大字東渋田,,139
和歌山県,かつらぎ町,大字東渋田,,510
和歌山県,かつらぎ町,大字東渋田,,697
和歌山県,紀の川市,大字東川原,,135
和歌山県,紀の川市,大字東大井,,398
和歌山県,有田川町,大字東大谷,,38
和歌山県,かつらぎ町,大字東谷,,35
和歌山県,かつらぎ町,大字東谷,,42
和歌山県,かつらぎ町,大字東谷,,77
和歌山県,有田川町,大字東丹生図,,206
和歌山県,広川町,大字東中,,142
和歌山県,高野町,大字東富貴,,195
和歌山県,紀の川市,大字東毛,,66
和歌山県,紀の川市,大字東野,,278
和歌山県,岩出市,大字湯窪,,203
和歌山県,那智勝浦町,大字湯川,,611
和歌山県,湯浅町,大字湯浅,,36
和歌山県,湯浅町,大字湯浅,,37
和歌山県,湯浅町,大字湯浅,,37
和歌山県,湯浅町,大字湯浅,,44
和歌山県,湯浅町,大字湯浅,,55
和歌山県,湯浅町,大字湯浅,,63
和歌山県,湯浅町,大字湯浅,,65
和歌山県,湯浅町,大字湯浅,,71
和歌山県,湯浅町,大字湯浅,,79
和歌山県,湯浅町,大字湯浅,,80
和歌山県,湯浅町,大字湯浅,,82
和歌山県,湯浅町,大字湯浅,,92
和歌山県,湯浅町,大字湯浅,,93
和歌山県,湯浅町,大字湯浅,,99
和歌山県,湯浅町,大字湯浅,,100
和歌山県,湯浅町,大字湯浅,,102
和歌山県,湯浅町,大字湯浅,,121
和歌山県,湯浅町,大字湯浅,,133
和歌山県,湯浅町,大字湯浅,,142
和歌山県,湯浅町,大字湯浅,,144
和歌山県,湯浅町,大字湯浅,,147
和歌山県,湯浅町,大字湯浅,,148
和歌山県,湯浅町,大字湯浅,,149
和歌山県,湯浅町,大字湯浅,,161
和歌山県,湯浅町,大字湯浅,,177
和歌山県,湯浅町,大字湯浅,,190
和歌山県,湯浅町,大字湯浅,,199
和歌山県,湯浅町,大字湯浅,,228
和歌山県,湯浅町,大字湯浅,,261
和歌山県,湯浅町,大字湯浅,,279
和歌山県,湯浅町,大字湯浅,,332
和歌山県,湯浅町,大字湯浅,,336
和歌山県,湯浅町,大字湯浅,,341
和歌山県,湯浅町,大字湯浅,,355
和歌山県,湯浅町,大字湯浅,,419
和歌山県,湯浅町,大字湯浅,,750
和歌山県,湯浅町,大字湯浅,,6147
和歌山県,紀の川市,大字藤井,,433
和歌山県,紀の川市,大字藤崎,,329
和歌山県,紀の川市,大字藤崎,,367
和歌山県,紀の川市,大字藤崎,,696
和歌山県,日高川町,大字藤野川,,17
和歌山県,有田川町,大字徳田,,378
和歌山県,有田川町,大字徳田,,443
和歌山県,有田川町,大字徳田,,456
和歌山県,有田川町,大字徳田,,620
和歌山県,有田川町,大字徳田,,1897
和歌山県,那智勝浦町,大字那智山,,101
和歌山県,広川町,大字南金屋,,244
和歌山県,紀の川市,大字南志野,,360
和歌山県,紀の川市,大字南勢田,,303
和歌山県,那智勝浦町,大字南大居,,253
和歌山県,岩出市,大字南大池,,678
和歌山県,印南町,大字南谷,,144
和歌山県,印南町,大字南谷,,150
和歌山県,印南町,大字南谷,,294
和歌山県,紀の川市,大字南中,,329
和歌山県,那智勝浦町,大字南平野,,36
和歌山県,有田川町,大字楠本,,103
和歌山県,那智勝浦町,大字二河,,234
和歌山県,有田川町,大字二川,,306
和歌山県,有田川町,大字二沢,,31
和歌山県,岩出市,大字尼ケ辻,,128
和歌山県,紀の川市,大字尼寺,,826
和歌山県,かつらぎ町,大字日高,,21
和歌山県,白浜町,大字日置,,104
和歌山県,白浜町,大字日置,,115
和歌山県,白浜町,大字日置,,131
和歌山県,白浜町,大字日置,,136
和歌山県,白浜町,大字日置,,167
和歌山県,白浜町,大字日置,,230
和歌山県,白浜町,大字日置,,345
和歌山県,白浜町,大字日置,,1228
和歌山県,有田川町,大字日物川,,28
和歌山県,九度山町,大字入郷,,78
和歌山県,九度山町,大字入郷,,115
和歌山県,九度山町,大字入郷,,139
和歌山県,九度山町,大字入郷,,254
和歌山県,日高川町,大字入野,,157
和歌山県,岩出市,大字波分,,677
和歌山県,紀の川市,大字馬宿,,375
和歌山県,かつらぎ町,大字背ノ山,,84
和歌山県,かつらぎ町,大字萩原,,157
和歌山県,日高町,大字萩原,,1009
和歌山県,かつらぎ町,大字柏木,,323
和歌山県,由良町,大字畑,,317
和歌山県,岩出市,大字畑毛,,660
和歌山県,紀の川市,大字畑野上,,79
和歌山県,那智勝浦町,大字八尺鏡野,,131
和歌山県,有田川町,大字板尾,,94
和歌山県,日高町,大字比井,,278
和歌山県,岩出市,大字備前,,115
和歌山県,紀の川市,大字尾崎,,176
和歌山県,紀の川市,大字尾崎,,725
和歌山県,有田川町,大字尾上,,36
和歌山県,有田川町,大字尾中,,131
和歌山県,紀の川市,大字枇杷谷,,51
和歌山県,印南町,大字美里,,156
和歌山県,有田川町,大字彦ケ瀬,,26
和歌山県,かつらぎ町,大字蛭子,,128
和歌山県,那智勝浦町,大字浜ノ宮,,448
和歌山県,美浜町,大字浜ノ瀬,,444
和歌山県,紀の川市,大字風市,,159
和歌山県,有田川町,大字伏羊,,119
和歌山県,紀の川市,大字粉河,,3887
和歌山県,那智勝浦町,大字粉白,,154
和歌山県,かつらぎ町,大字平,,120
和歌山県,かつらぎ町,大字平沼田,,18
和歌山県,かつらぎ町,大字平沼田,,59
和歌山県,かつらぎ町,大字平沼田,,77
和歌山県,日高川町,大字平川,,151
和歌山県,紀の川市,大字平野,,25
和歌山県,紀の川市,大字平野,,82
和歌山県,紀の川市,大字平野,,83
和歌山県,紀の川市,大字平野,,96
和歌山県,紀の川市,大字平野,,286
和歌山県,紀の川市,大字別所,,73
和歌山県,湯浅町,大字別所,,548
和歌山県,日高町,大字方杭,,26
和歌山県,紀の川市,大字豊田,,238
和歌山県,紀の川市,大字北,,922
和歌山県,紀の川市,大字北山,,762
和歌山県,紀の川市,大字北志野,,262
和歌山県,紀の川市,大字北勢田,,328
和歌山県,紀の川市,大字北大井,,414
和歌山県,紀の川市,大字北大井,,1152
和歌山県,岩出市,大字北大池,,1269
和歌山県,紀の川市,大字北中,,300
和歌山県,紀の川市,大字北長田,,227
和歌山県,那智勝浦町,大字北浜,,70
和歌山県,那智勝浦町,大字北浜,,80
和歌山県,那智勝浦町,大字北浜,,96
和歌山県,有田川町,大字北野川,,11
和歌山県,紀の川市,大字北涌,,52
和歌山県,紀の川市,大字北涌,,95
和歌山県,紀の川市,大字北涌,,163
和歌山県,紀の川市,大字北涌,,310
和歌山県,岩出市,大字堀口,,469
和歌山県,有田川町,大字本堂,,11
和歌山県,紀の川市,大字麻生津中,,66
和歌山県,紀の川市,大字麻生津中,,68
和歌山県,紀の川市,大字麻生津中,,134
和歌山県,かつらぎ町,大字妙寺,,25
和歌山県,かつらぎ町,大字妙寺,,179
和歌山県,かつらぎ町,大字妙寺,,264
和歌山県,かつらぎ町,大字妙寺,,700
和歌山県,かつらぎ町,大字妙寺,,1079
和歌山県,かつらぎ町,大字妙寺,,2247
和歌山県,紀の川市,大字名手下,,125
和歌山県,紀の川市,大字名手市場,,34
和歌山県,紀の川市,大字名手市場,,42
和歌山県,紀の川市,大字名手市場,,42
和歌山県,紀の川市,大字名手市場,,43
和歌山県,紀の川市,大字名手市場,,46
和歌山県,紀の川市,大字名手市場,,62
和歌山県,紀の川市,大字名手市場,,86
和歌山県,紀の川市,大字名手市場,,87
和歌山県,紀の川市,大字名手市場,,89
和歌山県,紀の川市,大字名手市場,,89
和歌山県,紀の川市,大字名手市場,,90
和歌山県,紀の川市,大字名手市場,,91
和歌山県,紀の川市,大字名手市場,,92
和歌山県,紀の川市,大字名手市場,,97
和歌山県,紀の川市,大字名手市場,,100
和歌山県,紀の川市,大字名手市場,,137
和歌山県,紀の川市,大字名手市場,,141
和歌山県,紀の川市,大字名手市場,,147
和歌山県,紀の川市,大字名手市場,,156
和歌山県,紀の川市,大字名手市場,,158
和歌山県,紀の川市,大字名手市場,,206
和歌山県,紀の川市,大字名手市場,,389
和歌山県,紀の川市,大字名手市場,,439
和歌山県,紀の川市,大字名手市場,,1116
和歌山県,紀の川市,大字名手上,,69
和歌山県,紀の川市,大字名手上,,93
和歌山県,紀の川市,大字名手上,,162
和歌山県,紀の川市,大字名手西野,,153
和歌山県,紀の川市,大字名手西野,,158
和歌山県,紀の川市,大字名手西野,,195
和歌山県,紀の川市,大字名手西野,,506
和歌山県,広川町,大字名島,,308
和歌山県,有田川町,大字明王寺,,573
和歌山県,印南町,大字明神川,,87
和歌山県,由良町,大字網代,,269
和歌山県,由良町,大字門前,,406
和歌山県,紀の川市,大字野上,,199
和歌山県,岩出市,大字野上野,,1920
和歌山県,有田川町,大字野田,,631
和歌山県,紀の川市,大字野田原,,77
和歌山県,紀の川市,大字野田原,,100
和歌山県,日高川町,大字弥谷,,20
和歌山県,白浜町,大字矢田,,103
和歌山県,広川町,大字柳瀬,,119
和歌山県,有田川町,大字有原,,52
和歌山県,由良町,大字里,,148
和歌山県,由良町,大字里,,420
和歌山県,由良町,大字里,,506
和歌山県,有田川町,大字立石,,28
和歌山県,印南町,大字立石,,36
和歌山県,高野町,大字林,,19
和歌山県,日高川町,大字老星,,46
和歌山県,日高川町,大字和佐,,1083
和歌山県,広川町,大字和田,,200
和歌山県,美浜町,大字和田,,2640
和歌山県,美浜町,大字和田,,3203
和歌山県,紀の川市,大字脇谷,,29
和歌山県,印南町,大字樮川,,209
和歌山県,古座川町,大川,,36
和歌山県,すさみ町,大谷,,30
和歌山県,和歌山市,大谷,,4279
和歌山県,串本町,大島,,426
和歌山県,すさみ町,大附,,5
和歌山県,海南市,大野中,,4106
和歌山県,古座川町,大柳,,18
和歌山県,和歌山市,鷹匠町,五丁目,50
和歌山県,和歌山市,鷹匠町,三丁目,54
和歌山県,和歌山市,鷹匠町,五丁目,74
和歌山県,和歌山市,鷹匠町,六丁目,79
和歌山県,和歌山市,鷹匠町,五丁目,112
和歌山県,和歌山市,鷹匠町,一丁目,119
和歌山県,和歌山市,鷹匠町,六丁目,140
和歌山県,和歌山市,鷹匠町,一丁目,207
和歌山県,和歌山市,鷹匠町,四丁目,221
和歌山県,和歌山市,鷹匠町,,331
和歌山県,和歌山市,鷹匠町,五丁目,373
和歌山県,和歌山市,鷹匠町,,725
和歌山県,みなべ町,滝,,241
和歌山県,紀美野町,滝ノ川,,18
和歌山県,紀美野町,谷,,21
和歌山県,和歌山市,谷,,496
和歌山県,橋本市,谷奥深,,18
和歌山県,新宮市,谷王子町,,139
和歌山県,みなべ町,谷口,,271
和歌山県,和歌山市,谷町,,303
和歌山県,和歌山市,男野芝丁,,207
和歌山県,新宮市,池田,二丁目,69
和歌山県,新宮市,池田,三丁目,86
和歌山県,新宮市,池田,一丁目,111
和歌山県,新宮市,池田,,266
和歌山県,古座川町,池野山,,302
和歌山県,和歌山市,築港,二丁目,111
和歌山県,和歌山市,築港,三丁目,118
和歌山県,和歌山市,築港,一丁目,170
和歌山県,和歌山市,築港,四丁目,308
和歌山県,和歌山市,築港,五丁目,514
和歌山県,和歌山市,築港,,1221
和歌山県,海南市,築地,,83
和歌山県,和歌山市,茶屋ノ丁,,74
和歌山県,和歌山市,茶屋町,,51
和歌山県,紀美野町,中,,24
和歌山県,白浜町,中,,595
和歌山県,和歌山市,中,,2667
和歌山県,和歌山市,中,,8921
和歌山県,和歌山市,中ノ店中ノ丁,,55
和歌山県,和歌山市,中ノ店南ノ丁,,10
和歌山県,田辺市,中屋敷町,,347
和歌山県,和歌山市,中筋日延,,302
和歌山県,古座川町,中崎,,34
和歌山県,田辺市,中三栖,,1291
和歌山県,紀美野町,中田,,62
和歌山県,和歌山市,中島,,2272
和歌山県,橋本市,中道,,146
和歌山県,和歌山市,中之島,,121
和歌山県,和歌山市,中之島,,4705
和歌山県,和歌山市,中之島,,4826
和歌山県,田辺市,中辺路町温川,,106
和歌山県,田辺市,中辺路町近露,一里石,15
和歌山県,田辺市,中辺路町近露,関ノ平,34
和歌山県,田辺市,中辺路町近露,木ノ下,62
和歌山県,田辺市,中辺路町近露,近露道中,72
和歌山県,田辺市,中辺路町近露,峰・柿平,77
和歌山県,田辺市,中辺路町近露,城ノ峰,92
和歌山県,田辺市,中辺路町近露,,352
和歌山県,田辺市,中辺路町熊野川,,9
和歌山県,田辺市,中辺路町栗栖川,,46
和歌山県,田辺市,中辺路町栗栖川,下芝,107
和歌山県,田辺市,中辺路町栗栖川,上芝上,128
和歌山県,田辺市,中辺路町栗栖川,上芝下,157
和歌山県,田辺市,中辺路町栗栖川,中芝,354
和歌山県,田辺市,中辺路町栗栖川,,746
和歌山県,田辺市,中辺路町高原,,61
和歌山県,田辺市,中辺路町小皆,,114
和歌山県,田辺市,中辺路町小松原,,24
和歌山県,田辺市,中辺路町真砂,,74
和歌山県,田辺市,中辺路町水上,,10
和歌山県,田辺市,中辺路町西谷,,40
和歌山県,田辺市,中辺路町石船,,45
和歌山県,田辺市,中辺路町川合,,203
和歌山県,田辺市,中辺路町大川,下地,49
和歌山県,田辺市,中辺路町大川,上地,66
和歌山県,田辺市,中辺路町大川,,115
和歌山県,田辺市,中辺路町大内川,,26
和歌山県,田辺市,中辺路町沢,,35
和歌山県,田辺市,中辺路町内井川,,30
和歌山県,田辺市,中辺路町福定,,43
和歌山県,田辺市,中辺路町北郡,,197
和歌山県,田辺市,中辺路町野中,野中道中,15
和歌山県,田辺市,中辺路町野中,方杉,17
和歌山県,田辺市,中辺路町野中,長井,17
和歌山県,田辺市,中辺路町野中,上地,18
和歌山県,田辺市,中辺路町野中,大畑,31
和歌山県,田辺市,中辺路町野中,裏地,46
和歌山県,田辺市,中辺路町野中,,144
和歌山県,田辺市,中芳養,,1793
和歌山県,田辺市,中万呂,,1857
和歌山県,串本町,中湊,,263
和歌山県,和歌山市,中野,,1486
和歌山県,新宮市,仲之町,三丁目,31
和歌山県,新宮市,仲之町,一丁目,33
和歌山県,新宮市,仲之町,二丁目,129
和歌山県,新宮市,仲之町,,193
和歌山県,橋本市,柱本,,35
和歌山県,橋本市,柱本,,60
和歌山県,橋本市,柱本,,96
和歌山県,橋本市,柱本,,167
和歌山県,橋本市,柱本,,263
和歌山県,和歌山市,朝日,,1845
和歌山県,田辺市,朝日ケ丘,,987
和歌山県,上富田町,朝来,,1234
和歌山県,上富田町,朝来,,3889
和歌山県,上富田町,朝来,,5123
和歌山県,串本町,潮岬,,2865
和歌山県,和歌山市,町丁字コード2470の計,,1366
和歌山県,和歌山市,町丁字コード2480の計,,1072
和歌山県,紀美野町,長谷,,299
和歌山県,紀美野町,長谷宮,,66
和歌山県,古座川町,長追,,34
和歌山県,田辺市,長野,,380
和歌山県,海南市,鳥居,,1311
和歌山県,古座川町,直見,,77
和歌山県,和歌山市,直川,,3785
和歌山県,串本町,津荷,,220
和歌山県,和歌山市,津秦,,88
和歌山県,和歌山市,津秦,,2852
和歌山県,紀美野町,津川,,83
和歌山県,有田市,辻堂,,2149
和歌山県,白浜町,椿,,554
和歌山県,古座川町,鶴川,,37
和歌山県,田辺市,天神崎,,953
和歌山県,古座川町,添野川,,73
和歌山県,紀美野町,田,,32
和歌山県,和歌山市,田屋,,368
和歌山県,串本町,田原,,49
和歌山県,串本町,田原,,96
和歌山県,串本町,田原,,356
和歌山県,串本町,田原,,501
和歌山県,串本町,田子,,84
和歌山県,和歌山市,田尻,,289
和歌山県,和歌山市,田尻,,1259
和歌山県,和歌山市,田尻,,4048
和歌山県,古座川町,田川,,12
和歌山県,和歌山市,田中町,四丁目,43
和歌山県,和歌山市,田中町,二丁目,98
和歌山県,和歌山市,田中町,五丁目,365
和歌山県,和歌山市,田中町,三丁目,414
和歌山県,和歌山市,田中町,,920
和歌山県,新宮市,田鶴原町,一丁目,189
和歌山県,新宮市,田鶴原町,二丁目,458
和歌山県,新宮市,田鶴原町,,647
和歌山県,串本町,田並,,439
和歌山県,串本町,田並上,,122
和歌山県,和歌山市,田野,,506
和歌山県,串本町,吐生,,508
和歌山県,和歌山市,吐前,,1473
和歌山県,みなべ町,土井,,63
和歌山県,和歌山市,土佐町,,119
和歌山県,和歌山市,土佐町,二丁目,150
和歌山県,和歌山市,土佐町,三丁目,294
和歌山県,和歌山市,土佐町,,444
和歌山県,和歌山市,土入,,1685
和歌山県,和歌山市,冬野,,2806
和歌山県,和歌山市,島,,1975
和歌山県,御坊市,島,,2996
和歌山県,和歌山市,島橋西ノ丁,,304
和歌山県,和歌山市,島橋東ノ丁,,539
和歌山県,和歌山市,島橋南ノ丁,,410
和歌山県,和歌山市,島橋北ノ丁,,429
和歌山県,和歌山市,島崎町,六丁目,14
和歌山県,和歌山市,島崎町,,57
和歌山県,和歌山市,島崎町,一丁目,96
和歌山県,和歌山市,島崎町,五丁目,111
和歌山県,和歌山市,島崎町,四丁目,124
和歌山県,和歌山市,島崎町,二丁目,147
和歌山県,和歌山市,島崎町,三丁目,155
和歌山県,和歌山市,島崎町,六丁目,225
和歌山県,和歌山市,島崎町,,350
和歌山県,和歌山市,島崎町,,522
和歌山県,みなべ町,島之瀬,,98
和歌山県,橋本市,東家,五丁目,175
和歌山県,橋本市,東家,二丁目,188
和歌山県,橋本市,東家,一丁目,229
和歌山県,橋本市,東家,六丁目,255
和歌山県,橋本市,東家,,319
和歌山県,橋本市,東家,三丁目,334
和歌山県,橋本市,東家,四丁目,478
和歌山県,橋本市,東家,,1978
和歌山県,みなべ町,東岩代,,467
和歌山県,みなべ町,東吉田,,796
和歌山県,和歌山市,東高松,二丁目,404
和歌山県,和歌山市,東高松,一丁目,425
和歌山県,和歌山市,東高松,四丁目,449
和歌山県,和歌山市,東高松,三丁目,498
和歌山県,和歌山市,東高松,,1776
和歌山県,和歌山市,東紺屋町,,271
和歌山県,田辺市,東山,一丁目,321
和歌山県,田辺市,東山,二丁目,845
和歌山県,田辺市,東山,,1166
和歌山県,和歌山市,東小二里町,,409
和歌山県,みなべ町,東神野川,,160
和歌山県,和歌山市,東鍛冶屋町,,63
和歌山県,和歌山市,東仲間町,,145
和歌山県,和歌山市,東長町,三丁目,23
和歌山県,和歌山市,東長町,五丁目,37
和歌山県,和歌山市,東長町,六丁目,43
和歌山県,和歌山市,東長町,十丁目,47
和歌山県,和歌山市,東長町,一丁目,55
和歌山県,和歌山市,東長町,四丁目,55
和歌山県,和歌山市,東長町,八丁目,56
和歌山県,和歌山市,東長町,二丁目,78
和歌山県,和歌山市,東長町,七丁目,102
和歌山県,和歌山市,東長町,,291
和歌山県,和歌山市,東釘貫丁,三丁目,67
和歌山県,和歌山市,東釘貫丁,一丁目,79
和歌山県,和歌山市,東釘貫丁,二丁目,94
和歌山県,和歌山市,東釘貫丁,,240
和歌山県,和歌山市,東田中,,461
和歌山県,海南市,東畑,,88
和歌山県,和歌山市,東布経丁,三丁目,10
和歌山県,和歌山市,東布経丁,六丁目,19
和歌山県,和歌山市,東布経丁,四丁目,117
和歌山県,和歌山市,東布経丁,二丁目,137
和歌山県,和歌山市,東布経丁,,283
和歌山県,みなべ町,東本庄,,745
和歌山県,紀美野町,東野,,71
和歌山県,田辺市,東陽,,1491
和歌山県,和歌山市,東旅篭町,,47
和歌山県,御坊市,湯川町丸山,,588
和歌山県,御坊市,湯川町財部,,2675
和歌山県,御坊市,湯川町小松原,,1330
和歌山県,御坊市,湯川町富安,,1772
和歌山県,和歌山市,藤田,,646
和歌山県,御坊市,藤田町吉田,,2769
和歌山県,御坊市,藤田町藤井,,848
和歌山県,海南市,藤白,,1211
和歌山県,和歌山市,頭陀寺,,88
和歌山県,紀美野町,動木,,1174
和歌山県,古座川町,洞尾,,11
和歌山県,和歌山市,道場町,,49
和歌山県,みなべ町,徳蔵,,251
和歌山県,白浜町,内ノ川,,588
和歌山県,和歌山市,内原,,4781
和歌山県,上富田町,南紀の台,,2490
和歌山県,和歌山市,南休賀町,,40
和歌山県,和歌山市,南牛町,,67
和歌山県,和歌山市,南細工町,,65
和歌山県,和歌山市,南材木丁,一丁目,38
和歌山県,和歌山市,南材木丁,三丁目,49
和歌山県,和歌山市,南材木丁,二丁目,121
和歌山県,和歌山市,南材木丁,,208
和歌山県,和歌山市,南雑賀町,,89
和歌山県,和歌山市,南出島,,1585
和歌山県,田辺市,南新町,,181
和歌山県,田辺市,南新万,,1120
和歌山県,和歌山市,南甚五兵衛丁,,121
和歌山県,和歌山市,南相生丁,,63
和歌山県,和歌山市,南大工町,,51
和歌山県,和歌山市,南田辺丁,,124
和歌山県,みなべ町,南道,,267
和歌山県,橋本市,南馬場,,27
和歌山県,橋本市,南馬場,,76
和歌山県,橋本市,南馬場,,76
和歌山県,橋本市,南馬場,,105
和歌山県,橋本市,南馬場,,161
和歌山県,橋本市,南馬場,,347
和歌山県,橋本市,南馬場,,792
和歌山県,紀美野町,南畑,,21
和歌山県,和歌山市,南畑,,259
和歌山県,新宮市,南桧杖,,19
和歌山県,和歌山市,南片原,一丁目,154
和歌山県,和歌山市,南片原,二丁目,545
和歌山県,和歌山市,南片原,,699
和歌山県,和歌山市,楠右衛門小路,,57
和歌山県,和歌山市,楠見中,,2575
和歌山県,和歌山市,楠本,,788
和歌山県,和歌山市,二筋目,,37
和歌山県,串本町,二色,,330
和歌山県,海南市,日方,,1421
和歌山県,海南市,日方,,2372
和歌山県,海南市,日方,,3793
和歌山県,和歌山市,日野,,28
和歌山県,和歌山市,祢宜,,965
和歌山県,和歌山市,納定,,776
和歌山県,海南市,馬場町,一丁目,45
和歌山県,海南市,馬場町,三丁目,45
和歌山県,海南市,馬場町,,90
和歌山県,新宮市,馬町,一丁目,22
和歌山県,新宮市,馬町,二丁目,36
和歌山県,新宮市,馬町,,58
和歌山県,紀美野町,梅本,,73
和歌山県,橋本市,柏原,,153
和歌山県,橋本市,柏原,,209
和歌山県,橋本市,柏原,,295
和歌山県,橋本市,柏原,,657
和歌山県,海南市,幡川,,580
和歌山県,和歌山市,畑屋敷榎丁,,10
和歌山県,和歌山市,畑屋敷円福院西ノ丁,,39
和歌山県,和歌山市,畑屋敷円福院東ノ丁,,20
和歌山県,和歌山市,畑屋敷葛屋丁,,19
和歌山県,和歌山市,畑屋敷雁木丁,,26
和歌山県,和歌山市,畑屋敷松ヶ枝丁,,52
和歌山県,和歌山市,畑屋敷新道丁,,115
和歌山県,和歌山市,畑屋敷西ノ丁,,113
和歌山県,和歌山市,畑屋敷千体仏丁,,21
和歌山県,和歌山市,畑屋敷袋町,,26
和歌山県,和歌山市,畑屋敷端ノ丁,,72
和歌山県,和歌山市,畑屋敷東ノ丁,,33
和歌山県,和歌山市,畑屋敷兵庫ノ丁,,23
和歌山県,和歌山市,八番丁,,152
和歌山県,みなべ町,晩稲,,939
和歌山県,新宮市,磐盾,,492
和歌山県,紀美野町,樋下,,60
和歌山県,和歌山市,尾崎丁,,49
和歌山県,和歌山市,尾崎丁,,221
和歌山県,和歌山市,美園町,三丁目,106
和歌山県,和歌山市,美園町,四丁目,137
和歌山県,和歌山市,美園町,,144
和歌山県,和歌山市,美園町,五丁目,151
和歌山県,和歌山市,美園町,三丁目,252
和歌山県,和歌山市,美園町,,646
和歌山県,橋本市,彦谷,,198
和歌山県,串本町,姫,,208
和歌山県,白浜町,富田,,973
和歌山県,和歌山市,布引,,1931
和歌山県,和歌山市,布施屋,,2460
和歌山県,和歌山市,府中,,1613
和歌山県,新宮市,浮島,,224
和歌山県,田辺市,伏莵野,,97
和歌山県,紀美野町,福井,,304
和歌山県,和歌山市,福町,,102
和歌山県,紀美野町,福田,,328
和歌山県,和歌山市,福島,,3311
和歌山県,田辺市,福路町,,64
和歌山県,田辺市,文里,一丁目,807
和歌山県,田辺市,文里,二丁目,809
和歌山県,田辺市,文里,,1616
和歌山県,白浜町,平,,197
和歌山県,古座川町,平井,,89
和歌山県,和歌山市,平井,,566
和歌山県,和歌山市,平岡,,319
和歌山県,田辺市,平瀬,,131
和歌山県,和歌山市,米屋町,,88
和歌山県,海南市,別院,,229
和歌山県,海南市,別所,,112
和歌山県,新宮市,別当屋敷町,,67
和歌山県,和歌山市,片岡町,二丁目,106
和歌山県,和歌山市,片岡町,一丁目,140
和歌山県,和歌山市,片岡町,,246
和歌山県,田辺市,片町,,105
和歌山県,和歌山市,弁財天丁,,222
和歌山県,白浜町,保呂,,181
和歌山県,田辺市,宝来町,,437
和歌山県,田辺市,芳養松原,一丁目,705
和歌山県,田辺市,芳養松原,二丁目,878
和歌山県,田辺市,芳養松原,,1583
和歌山県,田辺市,芳養町,,1539
和歌山県,新宮市,蓬莱,二丁目,188
和歌山県,新宮市,蓬莱,一丁目,225
和歌山県,新宮市,蓬莱,三丁目,336
和歌山県,新宮市,蓬莱,,749
和歌山県,新宮市,蜂伏,,50
和歌山県,新宮市,蜂伏,,108
和歌山県,新宮市,蜂伏,,838
和歌山県,新宮市,蜂伏,,996
和歌山県,和歌山市,北,,755
和歌山県,和歌山市,北ノ新地,,13
和歌山県,和歌山市,北ノ新地榎丁,,22
和歌山県,和歌山市,北ノ新地下六軒丁,,15
和歌山県,和歌山市,北ノ新地上六軒丁,,31
和歌山県,和歌山市,北ノ新地中六軒丁,,30
和歌山県,和歌山市,北ノ新地田町,,37
和歌山県,和歌山市,北ノ新地東ノ丁,,23
和歌山県,和歌山市,北休賀町,,56
和歌山県,和歌山市,北牛町,,149
和歌山県,和歌山市,北細工町,,113
和歌山県,和歌山市,北坂ノ上丁,,144
和歌山県,和歌山市,北出島,,223
和歌山県,和歌山市,北出島,,3047
和歌山県,和歌山市,北新,三丁目,16
和歌山県,和歌山市,北新,二丁目,42
和歌山県,和歌山市,北新,一丁目,136
和歌山県,和歌山市,北新,,194
和歌山県,和歌山市,北新桶屋町,,97
和歌山県,和歌山市,北新金屋丁,,112
和歌山県,和歌山市,北新元金屋丁,,73
和歌山県,和歌山市,北新戎ノ丁,,39
和歌山県,和歌山市,北新中ノ丁,,77
和歌山県,田辺市,北新町,,89
和歌山県,和歌山市,北新博労町,,101
和歌山県,和歌山市,北甚五兵衛丁,,46
和歌山県,海南市,北赤坂,,524
和歌山県,和歌山市,北中間町,,148
和歌山県,和歌山市,北中島,,664
和歌山県,和歌山市,北汀丁,,165
和歌山県,和歌山市,北釘貫丁,,15
和歌山県,和歌山市,北田辺丁,,142
和歌山県,和歌山市,北土佐丁,,187
和歌山県,和歌山市,北島,,2736
和歌山県,みなべ町,北道,,146
和歌山県,みなべ町,北道,,444
和歌山県,橋本市,北馬場,,194
和歌山県,紀美野町,北野,,12
和歌山県,和歌山市,北野,,3473
和歌山県,和歌山市,卜半町,,54
和歌山県,和歌山市,堀止西,一丁目,324
和歌山県,和歌山市,堀止東,二丁目,271
和歌山県,和歌山市,堀止東,一丁目,450
和歌山県,和歌山市,堀止東,,721
和歌山県,和歌山市,堀止南ノ丁,,352
和歌山県,和歌山市,堀止南ノ丁,二丁目,748
和歌山県,田辺市,本宮町下湯川,,78
和歌山県,田辺市,本宮町皆瀬川,,23
和歌山県,田辺市,本宮町皆地,,38
和歌山県,田辺市,本宮町皆地,,66
和歌山県,田辺市,本宮町久保野,,11
和歌山県,田辺市,本宮町久保野,,46
和歌山県,田辺市,本宮町曲川,,10
和歌山県,田辺市,本宮町高山,,62
和歌山県,田辺市,本宮町三越,,14
和歌山県,田辺市,本宮町三越,,14
和歌山県,田辺市,本宮町三越,,21
和歌山県,田辺市,本宮町耳打,,19
和歌山県,田辺市,本宮町小々森,,34
和歌山県,田辺市,本宮町小津荷,,33
和歌山県,田辺市,本宮町上切原,,61
和歌山県,田辺市,本宮町上大野,,111
和歌山県,田辺市,本宮町請川,,21
和歌山県,田辺市,本宮町請川,,44
和歌山県,田辺市,本宮町請川,,68
和歌山県,田辺市,本宮町静川,,14
和歌山県,田辺市,本宮町静川,,17
和歌山県,田辺市,本宮町静川,,20
和歌山県,田辺市,本宮町静川,,40
和歌山県,田辺市,本宮町切畑,,18
和歌山県,田辺市,本宮町切畑,,84
和歌山県,田辺市,本宮町川湯,,50
和歌山県,田辺市,本宮町大居,,65
和歌山県,田辺市,本宮町大居,,162
和歌山県,田辺市,本宮町大居,,164
和歌山県,田辺市,本宮町大津荷,,23
和歌山県,田辺市,本宮町田代,,17
和歌山県,田辺市,本宮町渡瀬,,94
和歌山県,田辺市,本宮町土河屋,,33
和歌山県,田辺市,本宮町湯峰,,50
和歌山県,田辺市,本宮町武住,,15
和歌山県,田辺市,本宮町伏拝,,32
和歌山県,田辺市,本宮町伏拝,,35
和歌山県,田辺市,本宮町伏拝,,84
和歌山県,田辺市,本宮町伏拝,,103
和歌山県,田辺市,本宮町本宮,,79
和歌山県,田辺市,本宮町本宮,,106
和歌山県,田辺市,本宮町本宮,,133
和歌山県,田辺市,本宮町本宮,,164
和歌山県,田辺市,本宮町野竹,,10
和歌山県,田辺市,本宮町檜葉,,62
和歌山県,和歌山市,本町,二丁目,28
和歌山県,和歌山市,本町,六丁目,50
和歌山県,和歌山市,本町,三丁目,58
和歌山県,和歌山市,本町,四丁目,73
和歌山県,和歌山市,本町,五丁目,95
和歌山県,田辺市,本町,,119
和歌山県,和歌山市,本町,八丁目,129
和歌山県,和歌山市,本町,九丁目,256
和歌山県,和歌山市,本町,,689
和歌山県,和歌山市,本渡,,198
和歌山県,和歌山市,本脇,,2290
和歌山県,田辺市,末広町,,483
和歌山県,和歌山市,万町,,65
和歌山県,和歌山市,満屋,,440
和歌山県,有田市,箕島,,2280
和歌山県,紀美野町,箕六,,31
和歌山県,和歌山市,湊,二丁目,345
和歌山県,和歌山市,湊,三丁目,349
和歌山県,和歌山市,湊,四丁目,411
和歌山県,和歌山市,湊,一丁目,445
和歌山県,和歌山市,湊,五丁目,504
和歌山県,和歌山市,湊,,656
和歌山県,和歌山市,湊,,672
和歌山県,田辺市,湊,,758
和歌山県,田辺市,湊,,758
和歌山県,和歌山市,湊,,2054
和歌山県,和歌山市,湊桶屋町,,51
和歌山県,和歌山市,湊御殿,三丁目,248
和歌山県,和歌山市,湊御殿,二丁目,592
和歌山県,和歌山市,湊御殿,一丁目,596
和歌山県,和歌山市,湊御殿,,1436
和歌山県,和歌山市,湊紺屋町,,80
和歌山県,和歌山市,湊紺屋町,一丁目,166
和歌山県,和歌山市,湊紺屋町,三丁目,242
和歌山県,和歌山市,湊紺屋町,一丁目,435
和歌山県,和歌山市,湊紺屋町,,843
和歌山県,和歌山市,湊通丁南,,163
和歌山県,和歌山市,湊通丁北,,26
和歌山県,和歌山市,湊通丁北,,48
和歌山県,和歌山市,湊北町,二丁目,47
和歌山県,和歌山市,湊北町,一丁目,60
和歌山県,和歌山市,湊北町,三丁目,119
和歌山県,和歌山市,湊北町,,226
和歌山県,和歌山市,湊本町,一丁目,32
和歌山県,和歌山市,湊本町,三丁目,73
和歌山県,和歌山市,湊本町,,105
和歌山県,紀美野町,蓑垣内,,27
和歌山県,紀美野町,蓑津呂,,32
和歌山県,海南市,椋木,,323
和歌山県,御坊市,名屋,,84
和歌山県,御坊市,名屋町一丁目,,135
和歌山県,御坊市,名屋町三丁目,,92
和歌山県,御坊市,名屋町二丁目,,13
和歌山県,海南市,名高,,1616
和歌山県,御坊市,名田町上野,,588
和歌山県,御坊市,名田町楠井,,540
和歌山県,御坊市,名田町野島,,1319
和歌山県,和歌山市,明王寺,,438
和歌山県,古座川町,明神,,92
和歌山県,御坊市,明神川,,122
和歌山県,田辺市,明洋,一丁目,701
和歌山県,田辺市,明洋,三丁目,771
和歌山県,田辺市,明洋,二丁目,860
和歌山県,田辺市,明洋,,2332
和歌山県,和歌山市,鳴神,,3913
和歌山県,田辺市,面川,,23
和歌山県,海南市,孟子,,345
和歌山県,和歌山市,毛革屋丁,,48
和歌山県,和歌山市,毛見,,221
和歌山県,和歌山市,毛見,,2926
和歌山県,紀美野町,毛原下,,44
和歌山県,紀美野町,毛原宮,,124
和歌山県,紀美野町,毛原上,,41
和歌山県,紀美野町,毛原中,,66
和歌山県,和歌山市,網屋町,,110
和歌山県,新宮市,木ノ川,,446
和歌山県,和歌山市,木ノ本,,396
和歌山県,和歌山市,木ノ本,,10813
和歌山県,和歌山市,木広町,四丁目,99
和歌山県,和歌山市,木広町,二丁目,122
和歌山県,和歌山市,木広町,五丁目,239
和歌山県,和歌山市,木広町,,460
和歌山県,田辺市,木守,,80
和歌山県,海南市,木津,,427
和歌山県,和歌山市,木枕,,342
和歌山県,田辺市,目良,,1311
和歌山県,橋本市,野,,32
和歌山県,橋本市,野,,140
和歌山県,橋本市,野,,179
和歌山県,橋本市,野,,194
和歌山県,橋本市,野,,275
和歌山県,橋本市,野,,279
和歌山県,橋本市,野,,1099
和歌山県,有田市,野,,1114
和歌山県,御坊市,野口,,1044
和歌山県,和歌山市,野崎,,1389
和歌山県,海南市,野上新,,318
和歌山県,海南市,野上中,,661
和歌山県,海南市,野尻,,132
和歌山県,紀美野町,野中,,133
和歌山県,新宮市,野田,,333
和歌山県,橋本市,矢倉脇,,94
和歌山県,橋本市,矢倉脇,,160
和歌山県,橋本市,矢倉脇,,254
和歌山県,和歌山市,矢田,,153
和歌山県,新宮市,薬師町,,79
和歌山県,和歌山市,薬勝寺,,78
和歌山県,和歌山市,柳丁,,67
和歌山県,和歌山市,友田町,,52
和歌山県,和歌山市,有家,,2878
和歌山県,和歌山市,有田屋町南ノ丁,,105
和歌山県,和歌山市,有本,,1823
和歌山県,和歌山市,有本,,4264
和歌山県,和歌山市,雄松町,一丁目,31
和歌山県,和歌山市,雄松町,二丁目,40
和歌山県,和歌山市,雄松町,三丁目,43
和歌山県,和歌山市,雄松町,四丁目,87
和歌山県,和歌山市,雄松町,六丁目,120
和歌山県,和歌山市,雄松町,五丁目,156
和歌山県,和歌山市,雄松町,,477
和歌山県,和歌山市,里,,468
和歌山県,串本町,里川,,8
和歌山県,すさみ町,里野,,109
和歌山県,古座川町,立合,,21
和歌山県,田辺市,龍神村安井,,265
和歌山県,田辺市,龍神村宮代,,248
和歌山県,田辺市,龍神村広井原,,113
和歌山県,田辺市,龍神村甲斐ノ川,,173
和歌山県,田辺市,龍神村小家,,112
和歌山県,田辺市,龍神村小又川,,74
和歌山県,田辺市,龍神村西,,159
和歌山県,田辺市,龍神村丹生ノ川,,36
和歌山県,田辺市,龍神村殿原,,164
和歌山県,田辺市,龍神村東,,241
和歌山県,田辺市,龍神村湯ノ又,,134
和歌山県,田辺市,龍神村福井,,439
和歌山県,田辺市,龍神村柳瀬,,469
和歌山県,田辺市,龍神村龍神,,124
和歌山県,新宮市,緑ケ丘,二丁目,131
和歌山県,新宮市,緑ケ丘,三丁目,141
和歌山県,新宮市,緑ケ丘,一丁目,510
和歌山県,新宮市,緑ケ丘,,782
和歌山県,海南市,冷水,,408
和歌山県,和歌山市,鈴丸丁,,69
和歌山県,橋本市,恋野,,131
和歌山県,橋本市,恋野,,269
和歌山県,橋本市,恋野,,282
和歌山県,和歌山市,六十谷,,6758
和歌山県,和歌山市,六番丁,,253
和歌山県,和歌山市,和歌浦西,二丁目,78
和歌山県,和歌山市,和歌浦西,一丁目,575
和歌山県,和歌山市,和歌浦西,,653
和歌山県,和歌山市,和歌浦中,三丁目,273
和歌山県,和歌山市,和歌浦中,二丁目,410
和歌山県,和歌山市,和歌浦中,一丁目,418
和歌山県,和歌山市,和歌浦中,,1101
和歌山県,和歌山市,和歌浦東,四丁目,220
和歌山県,和歌山市,和歌浦東,一丁目,887
和歌山県,和歌山市,和歌浦東,二丁目,1142
和歌山県,和歌山市,和歌浦東,三丁目,1261
和歌山県,和歌山市,和歌浦東,,3510
和歌山県,和歌山市,和歌浦南,一丁目,219
和歌山県,和歌山市,和歌浦南,二丁目,476
和歌山県,和歌山市,和歌浦南,三丁目,534
和歌山県,和歌山市,和歌浦南,,1229
和歌山県,和歌山市,和歌川町,,991
和歌山県,和歌山市,和佐関戸,,634
和歌山県,和歌山市,和佐中,,808
和歌山県,串本町,和深,,730
和歌山県,すさみ町,和深川,,29
和歌山県,田辺市,和田,,77
和歌山県,和歌山市,和田,,1981
和歌山県,和歌山市,屏風丁,,17
和歌山県,串本町,鬮野川,,167
和歌山県,串本町,鬮野川,,223
